model,mean,sd,se_mean,X25.,X75.,X2.5.,X97.5.,params,level,morph,tree,isolate,param,mod_names,desc
0,0.005522595,0.002041705,1.51e-5,0.004089049,0.00646054,0.002895331,0.010712633,nu_bar,grand,NA,NA,NA,nu,mod0,no isolates
0,3.123356088,0.795065932,0.005815958,2.608517955,3.677246111,1.463195998,4.602720945,C,grand,NA,NA,NA,C,mod0,no isolates
1,0.006314122,0.002594318,1.95e-5,0.004530884,0.007660029,0.00238405,0.012575261,mu,grand,NA,NA,NA,nu,mod1,no morphotype
1,3.071279456,0.626807639,0.00532482,2.652456473,3.52102849,1.771539042,4.199951843,muC,grand,NA,NA,NA,C,mod1,no morphotype
1,0.006284933,0.003647358,2.05e-5,0.003826609,0.007787795,0.001805473,0.01562526,nu_bar[1],isolate,1,NA,1,nu,mod1,no morphotype
1,0.008259375,0.004447282,2.94e-5,0.005260542,0.010082244,0.002856961,0.019699243,nu_bar[2],isolate,2,NA,2,nu,mod1,no morphotype
1,0.00432062,0.00311263,1.64e-5,0.002146979,0.005616408,7.62e-4,0.012340913,nu_bar[3],isolate,3,NA,3,nu,mod1,no morphotype
1,0.009564996,0.004944299,3.26e-5,0.006193922,0.011639923,0.003484668,0.022323282,nu_bar[4],isolate,4,NA,4,nu,mod1,no morphotype
1,0.009641525,0.004615241,3.13e-5,0.006564508,0.011475833,0.004045933,0.021455402,nu_bar[5],isolate,5,NA,5,nu,mod1,no morphotype
1,0.00405955,0.003237706,1.64e-5,0.001821851,0.005353936,5.49e-4,0.012480614,nu_bar[6],isolate,6,NA,6,nu,mod1,no morphotype
1,0.002992432,0.002504308,1.24e-5,0.001285566,0.003932082,4.01e-4,0.009644151,nu_bar[7],isolate,7,NA,7,nu,mod1,no morphotype
1,0.003757405,0.003270582,1.63e-5,0.001445296,0.005106935,3.17e-4,0.012289425,nu_bar[8],isolate,8,NA,8,nu,mod1,no morphotype
1,0.007825758,0.004485804,2.9e-5,0.004781317,0.009661565,0.002452059,0.01933936,nu_bar[9],isolate,9,NA,9,nu,mod1,no morphotype
1,0.008530992,0.004666101,2.98e-5,0.005334658,0.010459325,0.002827074,0.020596792,nu_bar[10],isolate,10,NA,10,nu,mod1,no morphotype
1,2.958978461,0.958664172,0.006305555,2.331349289,3.657546481,0.892226467,4.64296351,C[1],isolate,1,NA,1,C,mod1,no morphotype
1,2.882688757,0.958268838,0.006476058,2.255382148,3.573460687,0.82028226,4.58654365,C[2],isolate,2,NA,2,C,mod1,no morphotype
1,3.326016373,0.924143032,0.006040048,2.733866497,4.018298689,1.278568939,4.832739887,C[3],isolate,3,NA,3,C,mod1,no morphotype
1,2.992357235,0.847292486,0.005686577,2.44385583,3.582990588,1.201890418,4.548096309,C[4],isolate,4,NA,4,C,mod1,no morphotype
1,2.530976437,0.961788908,0.006772151,1.878200011,3.225809729,0.557582119,4.297878973,C[5],isolate,5,NA,5,C,mod1,no morphotype
1,3.226175664,0.94495044,0.006134957,2.61706171,3.925468183,1.154540915,4.806483584,C[6],isolate,6,NA,6,C,mod1,no morphotype
1,3.331745305,0.940002189,0.006010458,2.733750338,4.039391364,1.23378685,4.847468045,C[7],isolate,7,NA,7,C,mod1,no morphotype
1,3.293731425,0.939309284,0.006034551,2.698210968,3.995839444,1.209212082,4.832821399,C[8],isolate,8,NA,8,C,mod1,no morphotype
1,3.082815252,0.89754695,0.006185864,2.509726277,3.727105891,1.148762892,4.668064835,C[9],isolate,9,NA,9,C,mod1,no morphotype
1,3.068707075,0.888690982,0.005912729,2.494769243,3.705928697,1.16795417,4.649521661,C[10],isolate,10,NA,10,C,mod1,no morphotype
3,0.005881062,0.00363886,2.37e-5,0.003285032,0.007784905,6.88e-4,0.014744773,mu_S,grand,SNPV,NA,NA,nu,mod33,nu and C vary by morph
3,3.433647151,0.667493253,0.005196974,3.00845087,3.919003984,1.984139534,4.570998192,muC_S,grand,SNPV,NA,NA,C,mod33,nu and C vary by morph
3,0.004260881,0.004002525,2.34e-5,0.001707667,0.005470695,5.06e-4,0.014957461,nu_bar_S[1],isolate,SNPV,NA,6,nu,mod33,nu and C vary by morph
3,0.002940641,0.002710197,1.5e-5,0.001214263,0.003747422,3.8e-4,0.01021571,nu_bar_S[2],isolate,SNPV,NA,7,nu,mod33,nu and C vary by morph
3,0.003879474,0.004077516,2.28e-5,0.001296093,0.004977935,2.78e-4,0.014776945,nu_bar_S[3],isolate,SNPV,NA,8,nu,mod33,nu and C vary by morph
3,0.009500247,0.006854768,4.93e-5,0.005055228,0.01172683,0.002409665,0.027660705,nu_bar_S[4],isolate,SNPV,NA,9,nu,mod33,nu and C vary by morph
3,0.010552933,0.007400574,5.2e-5,0.005736275,0.013057306,0.00277734,0.029633387,nu_bar_S[5],isolate,SNPV,NA,10,nu,mod33,nu and C vary by morph
3,3.496962621,0.922476721,0.006190944,2.941773349,4.195719071,1.352493509,4.88261761,C_S[1],isolate,SNPV,NA,6,C,mod33,nu and C vary by morph
3,3.585627343,0.906606013,0.006038117,3.040328975,4.278351707,1.465759047,4.902978568,C_S[2],isolate,SNPV,NA,7,C,mod33,nu and C vary by morph
3,3.560321496,0.920281001,0.006096509,3.005421328,4.263745307,1.395957547,4.905254078,C_S[3],isolate,SNPV,NA,8,C,mod33,nu and C vary by morph
3,3.390545144,0.887714945,0.006351411,2.847670614,4.044154136,1.384884398,4.81983776,C_S[4],isolate,SNPV,NA,9,C,mod33,nu and C vary by morph
3,3.388562668,0.885567017,0.006295114,2.840216597,4.040334033,1.371955285,4.831414175,C_S[5],isolate,SNPV,NA,10,C,mod33,nu and C vary by morph
3,0.008386677,0.004274147,2.86e-5,0.005436559,0.010743199,0.001414573,0.018492335,mu_M,grand,MNPV,NA,NA,nu,mod33,nu and C vary by morph
3,2.93905118,0.712394601,0.005730963,2.45960549,3.444955607,1.480707118,4.246657955,muC_M,grand,MNPV,NA,NA,C,mod33,nu and C vary by morph
3,0.007492978,0.005196562,3.3e-5,0.004053475,0.009343409,0.001832878,0.021145548,nu_bar_M[1],isolate,MNPV,NA,1,nu,mod33,nu and C vary by morph
3,0.010617662,0.006981691,5.05e-5,0.006074145,0.013063935,0.003055075,0.028634462,nu_bar_M[2],isolate,MNPV,NA,2,nu,mod33,nu and C vary by morph
3,0.00484339,0.004215461,2.48e-5,0.002056597,0.006257178,7.27e-4,0.01603566,nu_bar_M[3],isolate,MNPV,NA,3,nu,mod33,nu and C vary by morph
3,0.01306566,0.008350983,6.32e-5,0.007664112,0.01593565,0.00398167,0.034775041,nu_bar_M[4],isolate,MNPV,NA,4,nu,mod33,nu and C vary by morph
3,0.012310432,0.007251603,5.53e-5,0.00765987,0.014690721,0.004544817,0.031104282,nu_bar_M[5],isolate,MNPV,NA,5,nu,mod33,nu and C vary by morph
3,2.899655904,1.028441712,0.007324186,2.208739546,3.659637881,0.723787605,4.708535723,C_M[1],isolate,MNPV,NA,1,C,mod33,nu and C vary by morph
3,2.871034127,1.003881047,0.007326754,2.207798279,3.604318567,0.722422985,4.668847193,C_M[2],isolate,MNPV,NA,2,C,mod33,nu and C vary by morph
3,3.272241342,1.003293085,0.0069309870000000004,2.621266567,4.040874052,1.068610928,4.86932663,C_M[3],isolate,MNPV,NA,3,C,mod33,nu and C vary by morph
3,3.039017514,0.881668041,0.006370394,2.466720557,3.658958239,1.171938476,4.649817336,C_M[4],isolate,MNPV,NA,4,C,mod33,nu and C vary by morph
3,2.510317446,1.002022452,0.007379314,1.82310773,3.22454013,0.47263246799999997,4.38221471,C_M[5],isolate,MNPV,NA,5,C,mod33,nu and C vary by morph
3,3.429825606,0.675718754,0.005470416,3.000898263,3.91882595,1.962222123,4.574291618,muC_S,grand,SNPV,NA,NA,C,mod53,nu and C vary by morph
3,0.004242422,0.004081363,2.43e-5,0.001705302,0.00539825,5.01e-4,0.014781205,nu_bar_S[1],isolate,SNPV,NA,6,nu,mod53,nu and C vary by morph
3,0.00296224,0.002792846,1.54e-5,0.001195109,0.003772368,3.65e-4,0.010378222,nu_bar_S[2],isolate,SNPV,NA,7,nu,mod53,nu and C vary by morph
3,0.003876823,0.00407409,2.35e-5,0.001327114,0.004967641,2.9e-4,0.014743567,nu_bar_S[3],isolate,SNPV,NA,8,nu,mod53,nu and C vary by morph
3,0.009515171,0.00695022,4.95e-5,0.005028029,0.011767726,0.00242164,0.027915927,nu_bar_S[4],isolate,SNPV,NA,9,nu,mod53,nu and C vary by morph
3,0.0105428,0.007517969,5.8e-5,0.005739559,0.012979225,0.002786313,0.029788994,nu_bar_S[5],isolate,SNPV,NA,10,nu,mod53,nu and C vary by morph
3,3.495479434,0.929367455,0.00634996,2.926770348,4.202846848,1.338103616,4.880258615,C_S[1],isolate,SNPV,NA,6,C,mod53,nu and C vary by morph
3,3.586606727,0.91679617,0.006047758,3.035708822,4.29277659,1.405853758,4.904993242,C_S[2],isolate,SNPV,NA,7,C,mod53,nu and C vary by morph
3,3.552823348,0.928271927,0.006268154,3.000487744,4.263602886,1.35562199,4.896463762,C_S[3],isolate,SNPV,NA,8,C,mod53,nu and C vary by morph
3,3.388101548,0.900752596,0.006433831,2.838303635,4.057031761,1.321923924,4.81738818,C_S[4],isolate,SNPV,NA,9,C,mod53,nu and C vary by morph
3,3.38301043,0.889533191,0.006384378,2.833708585,4.038453632,1.364335615,4.812739796,C_S[5],isolate,SNPV,NA,10,C,mod53,nu and C vary by morph
3,3.390956076,0.889653198,0.006188944,2.845559395,4.049615545,1.391404673,4.829203459,C_S[5],isolate,SNPV,NA,10,C,mod63,nu and C vary by morph
3,2.940308014,0.712335872,0.005522226,2.461455469,3.44196678,1.486449941,4.253732486,muC_M,grand,MNPV,NA,NA,C,mod35,nu and C vary by morph
3,0.007484241,0.005329548,3.32e-5,0.00407325,0.009298678,0.001840771,0.021291285,nu_bar_M[1],isolate,MNPV,NA,1,nu,mod35,nu and C vary by morph
3,0.010621315,0.007006749,5.01e-5,0.006067156,0.013053851,0.003057737,0.02904274,nu_bar_M[2],isolate,MNPV,NA,2,nu,mod35,nu and C vary by morph
3,0.004899905,0.004364259,2.57e-5,0.002061817,0.006251388,7.41e-4,0.016461196,nu_bar_M[3],isolate,MNPV,NA,3,nu,mod35,nu and C vary by morph
3,0.013059824,0.008415744,6.2e-5,0.007589014,0.015969419,0.003931663,0.034835522,nu_bar_M[4],isolate,MNPV,NA,4,nu,mod35,nu and C vary by morph
3,0.012405234,0.007386031,5.78e-5,0.007714286,0.014802114,0.004596732,0.031619868,nu_bar_M[5],isolate,MNPV,NA,5,nu,mod35,nu and C vary by morph
3,2.90369681,1.028243685,0.006964457,2.214115793,3.662607514,0.742941604,4.720538009,C_M[1],isolate,MNPV,NA,1,C,mod35,nu and C vary by morph
3,2.871725704,1.011706437,0.007250564,2.199942488,3.600767041,0.712904845,4.680576295,C_M[2],isolate,MNPV,NA,2,C,mod35,nu and C vary by morph
3,3.268949529,1.008519098,0.006726997,2.60790165,4.047206303,1.039537669,4.868682243,C_M[3],isolate,MNPV,NA,3,C,mod35,nu and C vary by morph
3,3.030925331,0.875231746,0.006263428,2.457214845,3.653331092,1.202609754,4.630014917,C_M[4],isolate,MNPV,NA,4,C,mod35,nu and C vary by morph
3,2.518214106,0.994536354,0.007341163,1.840953904,3.224848718,0.489746286,4.392602734,C_M[5],isolate,MNPV,NA,5,C,mod35,nu and C vary by morph
3,0.005858722,0.003648622,2.32e-5,0.003249239,0.007749346,6.68e-4,0.014773445,mu_S,grand,SNPV,NA,NA,nu,mod73,nu and C vary by morph
3,0.008374582,0.004278921,2.88e-5,0.005425418,0.010739181,0.001383512,0.018400392,mu_M,grand,MNPV,NA,NA,nu,mod35,nu and C vary by morph
3,0.007480391,0.00530499,3.54e-5,0.004036044,0.009304389,0.001813216,0.021177019,nu_bar_M[1],isolate,MNPV,NA,1,nu,mod36,nu and C vary by morph
3,0.010625324,0.006940413,4.87e-5,0.006092111,0.013032952,0.003097017,0.029036966,nu_bar_M[2],isolate,MNPV,NA,2,nu,mod36,nu and C vary by morph
3,0.004858911,0.004224546,2.61e-5,0.002060643,0.006258208,7.37e-4,0.016129033,nu_bar_M[3],isolate,MNPV,NA,3,nu,mod36,nu and C vary by morph
3,0.012985225,0.008097573,6.15e-5,0.007610492,0.015936821,0.003940602,0.033861681,nu_bar_M[4],isolate,MNPV,NA,4,nu,mod36,nu and C vary by morph
3,0.012298915,0.007229627,5.51e-5,0.00771252,0.014659698,0.004549918,0.030900458,nu_bar_M[5],isolate,MNPV,NA,5,nu,mod36,nu and C vary by morph
3,2.901974767,1.028501664,0.007429735,2.20594047,3.656927388,0.737968749,4.734172772,C_M[1],isolate,MNPV,NA,1,C,mod36,nu and C vary by morph
3,2.868895651,1.000230697,0.007422307,2.201307692,3.595981597,0.744677245,4.647407201,C_M[2],isolate,MNPV,NA,2,C,mod36,nu and C vary by morph
3,3.262434788,1.002670298,0.00729632,2.603036596,4.031185482,1.069368799,4.867600035,C_M[3],isolate,MNPV,NA,3,C,mod36,nu and C vary by morph
3,3.034404459,0.871808125,0.006446532,2.467217959,3.64330787,1.201817025,4.644019972,C_M[4],isolate,MNPV,NA,4,C,mod36,nu and C vary by morph
3,2.511540837,0.991754738,0.007478387,1.827823211,3.2199438,0.505331925,4.362358515,C_M[5],isolate,MNPV,NA,5,C,mod36,nu and C vary by morph
3,3.600639926,0.909297641,0.006048882,3.055582784,4.296963113,1.464401546,4.911350156,C_S[2],isolate,SNPV,NA,7,C,mod63,nu and C vary by morph
3,0.008390944,0.004238027,2.97e-5,0.005462743,0.010752824,0.001424239,0.018195326,mu_M,grand,MNPV,NA,NA,nu,mod36,nu and C vary by morph
3,2.935629611,0.711108547,0.005830975,2.45165807,3.439006765,1.494131557,4.255102799,muC_M,grand,MNPV,NA,NA,C,mod36,nu and C vary by morph
3,3.429904744,0.675158217,0.005316007,2.991443046,3.923926321,1.96888422,4.576483091,muC_S,grand,SNPV,NA,NA,C,mod73,nu and C vary by morph
3,0.004248309,0.004029957,2.23e-5,0.001685422,0.005444076,5.11e-4,0.014978068,nu_bar_S[1],isolate,SNPV,NA,6,nu,mod73,nu and C vary by morph
3,0.008346343,0.004259362,2.94e-5,0.005404592,0.010723142,0.001390094,0.018258459,mu_M,grand,MNPV,NA,NA,nu,mod37,nu and C vary by morph
3,2.921799018,0.712052436,0.005944696,2.444455383,3.429379218,1.476434045,4.235644126,muC_M,grand,MNPV,NA,NA,C,mod37,nu and C vary by morph
3,0.007407265,0.005140868,3.31e-5,0.004057713,0.009194212,0.00180237,0.020712775,nu_bar_M[1],isolate,MNPV,NA,1,nu,mod37,nu and C vary by morph
3,0.010498145,0.00691711,5.1e-5,0.006033327,0.012863284,0.003030239,0.028397805,nu_bar_M[2],isolate,MNPV,NA,2,nu,mod37,nu and C vary by morph
3,0.004842097,0.004279404,2.65e-5,0.002047725,0.006222919,7.26e-4,0.016289846,nu_bar_M[3],isolate,MNPV,NA,3,nu,mod37,nu and C vary by morph
3,0.012889281,0.008140595,6.3e-5,0.007526409,0.015731735,0.003921154,0.034076679,nu_bar_M[4],isolate,MNPV,NA,4,nu,mod37,nu and C vary by morph
3,0.012239842,0.007071313,5.48e-5,0.007660799,0.014675471,0.004560588,0.031170044,nu_bar_M[5],isolate,MNPV,NA,5,nu,mod37,nu and C vary by morph
3,2.877752334,1.021511233,0.007295806,2.19003647,3.627367466,0.719431096,4.691712426,C_M[1],isolate,MNPV,NA,1,C,mod37,nu and C vary by morph
3,2.85102269,1.000765079,0.007549941,2.1844017,3.5815028,0.732833663,4.639228784,C_M[2],isolate,MNPV,NA,2,C,mod37,nu and C vary by morph
3,3.560953573,0.916539508,0.005857136,3.015956227,4.264826643,1.402392197,4.890288801,C_S[3],isolate,SNPV,NA,8,C,mod63,nu and C vary by morph
3,3.400589556,0.892599106,0.006174641,2.84992615,4.065152642,1.374037538,4.833321807,C_S[4],isolate,SNPV,NA,9,C,mod63,nu and C vary by morph
3,2.497835463,0.99221084,0.007464143,1.821426468,3.206221925,0.481585673,4.35079088,C_M[5],isolate,MNPV,NA,5,C,mod37,nu and C vary by morph
3,3.4338563,0.669842013,0.005158233,3.008734341,3.920345171,1.992386979,4.567272609,muC_S,grand,SNPV,NA,NA,C,mod63,nu and C vary by morph
3,0.004265146,0.004018486,2.2e-5,0.001688161,0.005459175,5.14e-4,0.015044572,nu_bar_S[1],isolate,SNPV,NA,6,nu,mod63,nu and C vary by morph
3,0.005859364,0.00362487,2.45e-5,0.003273239,0.007730112,6.75e-4,0.014823914,mu_S,grand,SNPV,NA,NA,nu,mod53,nu and C vary by morph
3,0.005887727,0.003665658,2.32e-5,0.003280952,0.007750662,6.73e-4,0.014858424,mu_S,grand,SNPV,NA,NA,nu,mod63,nu and C vary by morph
3,0.009495635,0.006782968,4.67e-5,0.005086814,0.01181585,0.00241786,0.027077908,nu_bar_S[4],isolate,SNPV,NA,9,nu,mod63,nu and C vary by morph
3,0.010552225,0.007276022,5.03e-5,0.00578421,0.0130282,0.002808105,0.029784221,nu_bar_S[5],isolate,SNPV,NA,10,nu,mod63,nu and C vary by morph
3,0.002988295,0.00279106,1.55e-5,0.001210013,0.003808559,3.79e-4,0.010491108,nu_bar_S[2],isolate,SNPV,NA,7,nu,mod63,nu and C vary by morph
3,0.003893043,0.00413247,2.26e-5,0.001313255,0.005010328,2.87e-4,0.01482284,nu_bar_S[3],isolate,SNPV,NA,8,nu,mod63,nu and C vary by morph
3,0.00296975,0.00279225,1.49e-5,0.001206046,0.003766735,3.66e-4,0.01046798,nu_bar_S[2],isolate,SNPV,NA,7,nu,mod73,nu and C vary by morph
3,0.003889534,0.004060404,2.3e-5,0.001315268,0.005029964,2.79e-4,0.014651337,nu_bar_S[3],isolate,SNPV,NA,8,nu,mod73,nu and C vary by morph
3,3.246061635,1.010014844,0.007268955,2.575138358,4.027013269,1.04649782,4.860575831,C_M[3],isolate,MNPV,NA,3,C,mod37,nu and C vary by morph
3,3.026925585,0.877442099,0.006618326,2.452295299,3.647158697,1.195164289,4.645890166,C_M[4],isolate,MNPV,NA,4,C,mod37,nu and C vary by morph
3,3.499805336,0.928544731,0.006166232,2.940633443,4.210123255,1.353695836,4.890538264,C_S[1],isolate,SNPV,NA,6,C,mod73,nu and C vary by morph
3,3.582838621,0.914310327,0.006171762,3.033003675,4.29004636,1.433487301,4.909449103,C_S[2],isolate,SNPV,NA,7,C,mod73,nu and C vary by morph
3,0.009510469,0.006927267,4.59e-5,0.005038633,0.01175455,0.002349037,0.027566202,nu_bar_S[4],isolate,SNPV,NA,9,nu,mod73,nu and C vary by morph
3,0.010557231,0.007328036,4.96e-5,0.005717918,0.013111704,0.002802806,0.029722598,nu_bar_S[5],isolate,SNPV,NA,10,nu,mod73,nu and C vary by morph
3,3.386107912,0.893852455,0.006496896,2.827892672,4.048787247,1.389528107,4.82654462,C_S[5],isolate,SNPV,NA,10,C,mod73,nu and C vary by morph
3,3.555567166,0.928357036,0.006234958,3.000636028,4.269341067,1.375683662,4.900480902,C_S[3],isolate,SNPV,NA,8,C,mod73,nu and C vary by morph
3,3.495976058,0.931994717,0.00616447,2.935475811,4.206027466,1.319316672,4.887888768,C_S[1],isolate,SNPV,NA,6,C,mod63,nu and C vary by morph
3,3.39029507,0.897100943,0.006371182,2.840518548,4.0547173,1.353642602,4.834679033,C_S[4],isolate,SNPV,NA,9,C,mod73,nu and C vary by morph
5,0.002930229,0.003769288,2e-5,6.68e-4,0.003752301,5.35e-5,0.01309735,"nu_bar_S[1,2]",isolate,SNPV,GR,6,nu,mod35,nu and C vary by morph + tree
5,0.00732398,0.006138569,2.9e-5,0.003312683,0.009371466,9.99e-4,0.023497578,"nu_bar_M[4,2]",isolate,MNPV,GR,4,nu,mod55,nu and C vary by morph + tree
5,0.011016886,0.007380364,4.08e-5,0.006281404,0.013542358000000001,0.003022281,0.029932518,"nu_bar_M[5,2]",isolate,MNPV,GR,5,nu,mod55,nu and C vary by morph + tree
5,0.001602659,0.002238762,1.11e-5,3.34e-4,0.001982404,2.7e-5,0.007484118,"nu_bar_S[2,2]",isolate,SNPV,GR,7,nu,mod35,nu and C vary by morph + tree
5,3.239008162,0.84995739,0.005397931,2.692559457,3.854016823,1.432848712,4.718664388,"C_S[5,1]",isolate,SNPV,DO,10,C,mod35,nu and C vary by morph + tree
5,3.69268127,0.834212124,0.005169639,3.206162823,4.323330537,1.714860469,4.907293402,"C_S[3,1]",isolate,SNPV,DO,8,C,mod35,nu and C vary by morph + tree
5,3.223008738,0.991676344,0.005321297,2.588112063,3.967590616,1.001371188,4.828157385,"C_M[1,2]",isolate,MNPV,GR,1,C,mod56,nu and C vary by morph + tree
5,3.364963753,0.917619415,0.004915747,2.78806602,4.053117305,1.304388085,4.841784032,"C_M[2,2]",isolate,MNPV,GR,2,C,mod56,nu and C vary by morph + tree
5,3.652772486,0.77326479,0.004846159,3.170705731,4.232987808,1.932141841,4.87548724,"C_S[4,1]",isolate,SNPV,DO,9,C,mod35,nu and C vary by morph + tree
5,0.004014448,0.004830907,2.68e-5,0.001060973,0.005119961,9.66e-5,0.016787525,"nu_bar_S[3,2]",isolate,SNPV,GR,8,nu,mod35,nu and C vary by morph + tree
5,0.007060767,0.006121564,3.89e-5,0.003350929,0.00869013,0.001297844,0.022919805,"nu_bar_S[4,2]",isolate,SNPV,GR,9,nu,mod35,nu and C vary by morph + tree
5,0.004573478,0.004536499,2.77e-5,0.001774946,0.005817757,4.27e-4,0.016432564,"nu_bar_S[5,2]",isolate,SNPV,GR,10,nu,mod35,nu and C vary by morph + tree
5,3.215802371,0.994586948,0.005311199,2.57914207,3.966368846,0.99949322,4.817351887,"C_M[1,2]",isolate,MNPV,GR,1,C,mod55,nu and C vary by morph + tree
5,3.232794798,1.029121,0.006669495,2.57571168,4.018606057,0.929078659,4.850371115,"C_S[2,2]",isolate,SNPV,GR,7,C,mod35,nu and C vary by morph + tree
5,3.232582503,1.015493779,0.006679605,2.577025557,4.00801146,0.982618902,4.843334874,"C_S[3,2]",isolate,SNPV,GR,8,C,mod35,nu and C vary by morph + tree
5,2.970502724,1.030827367,0.006811173,2.284339899,3.738246015,0.760837611,4.7327067,"C_S[4,2]",isolate,SNPV,GR,9,C,mod35,nu and C vary by morph + tree
5,3.251550478,1.011594492,0.006839955,2.604854386,4.028486998,0.995275593,4.842415602,"C_S[1,2]",isolate,SNPV,GR,6,C,mod35,nu and C vary by morph + tree
5,3.271632734,1.010222236,0.006653998,2.630975919,4.041136788,0.978835454,4.854018108,"C_S[5,2]",isolate,SNPV,GR,10,C,mod35,nu and C vary by morph + tree
5,3.214547525,1.031088003,0.00514189,2.550034715,4.006291413,0.911715792,4.839789034,"C_S[2,2]",isolate,SNPV,GR,7,C,mod65,nu and C vary by morph + tree
5,3.212587424,1.021154289,0.005228091,2.555733528,3.994543503,0.928702996,4.830766564,"C_S[3,2]",isolate,SNPV,GR,8,C,mod65,nu and C vary by morph + tree
5,2.951055436,1.041306472,0.005519743,2.258114656,3.731360615,0.70446568,4.727085461,"C_S[4,2]",isolate,SNPV,GR,9,C,mod65,nu and C vary by morph + tree
5,3.259501898,1.013422938,0.005179229,2.615145767,4.030345461,0.961729793,4.843391112,"C_S[5,2]",isolate,SNPV,GR,10,C,mod65,nu and C vary by morph + tree
5,3.362098336,0.922359055,0.00491073,2.777979243,4.056653877,1.304926204,4.843286905,"C_M[2,2]",isolate,MNPV,GR,2,C,mod55,nu and C vary by morph + tree
5,3.36533572,0.989854143,0.005349143,2.745070875,4.123695834,1.100571487,4.878359326,"C_M[3,2]",isolate,MNPV,GR,3,C,mod55,nu and C vary by morph + tree
5,3.217653219,0.993309883,0.005249637,2.58306851,3.960776527,1.015042677,4.835397882,"C_M[4,2]",isolate,MNPV,GR,4,C,mod55,nu and C vary by morph + tree
5,2.900691745,1.045545245,0.005829748,2.211509855,3.679102084,0.640041341,4.685847582,"C_M[5,2]",isolate,MNPV,GR,5,C,mod55,nu and C vary by morph + tree
5,0.011836119,0.00579006,2.91e-5,0.007742796,0.015395762,0.001742433,0.024596939,mu_M[1],grand,MNPV,DO,NA,nu,mod56,nu and C vary by morph + tree
5,0.007296022,0.004135958,2.19e-5,0.004341294,0.009553408,0.00102461,0.017238052,mu_M[2],grand,MNPV,GR,NA,nu,mod56,nu and C vary by morph + tree
5,2.97896158,0.666045714,0.004323854,2.533827106,3.444185004,1.621058298,4.228759954,muC_M[1],grand,MNPV,DO,NA,C,mod56,nu and C vary by morph + tree
5,3.195319718,0.714912316,0.004406997,2.722785727,3.716181989,1.680781501,4.448865048,muC_M[2],grand,MNPV,GR,NA,C,mod56,nu and C vary by morph + tree
5,3.241960953,1.02724316,0.005160907,2.589186609,4.027846164,0.932136288,4.850351348,"C_S[1,2]",isolate,SNPV,GR,6,C,mod65,nu and C vary by morph + tree
5,0.023448854,0.014870347,1.24e-4,0.013326491,0.028972639,0.006459967,0.065278307,"nu_bar_M[4,1]",isolate,MNPV,DO,4,nu,mod53,nu and C vary by morph + tree
5,0.018849415,0.012523897,9.99e-5,0.010542162,0.023146389,0.005067934,0.053506724,"nu_bar_M[5,1]",isolate,MNPV,DO,5,nu,mod53,nu and C vary by morph + tree
5,3.006561019,0.953853582,0.006776227,2.38689645,3.687472661,0.957006323,4.705199062,"C_M[1,1]",isolate,MNPV,DO,1,C,mod53,nu and C vary by morph + tree
5,2.7085495,1.005810218,0.007253444,2.032124447,3.432435252,0.605122864,4.538302202,"C_M[2,1]",isolate,MNPV,DO,2,C,mod53,nu and C vary by morph + tree
5,0.004159258,0.003148265,1.59e-5,0.001941393,0.005541675,3.29e-4,0.01242615,mu_S[2],grand,SNPV,GR,NA,nu,mod75,nu and C vary by morph + tree
5,3.495377975,0.617656486,0.003706757,3.101126161,3.939628404,2.159893167,4.559996953,muC_S[1],grand,SNPV,DO,NA,C,mod75,nu and C vary by morph + tree
5,0.011854068,0.005710695,3.7e-5,0.007825337,0.015374242,0.001893457,0.024480091,mu_M[1],grand,MNPV,DO,NA,nu,mod53,nu and C vary by morph + tree
5,0.007294142,0.004165167,2.79e-5,0.004313366,0.009562208,0.001044915,0.017349453,mu_M[2],grand,MNPV,GR,NA,nu,mod53,nu and C vary by morph + tree
5,2.972572864,0.668350922,0.00542619,2.522787843,3.440742767,1.606436386,4.214851853,muC_M[1],grand,MNPV,DO,NA,C,mod53,nu and C vary by morph + tree
5,3.190798655,0.716055995,0.005741406,2.722113,3.710719023,1.679903308,4.454243326,muC_M[2],grand,MNPV,GR,NA,C,mod53,nu and C vary by morph + tree
5,0.013678886,0.010836084,7.63e-5,0.006468651,0.017422844,0.002199844,0.04270458,"nu_bar_M[1,1]",isolate,MNPV,DO,1,nu,mod53,nu and C vary by morph + tree
5,0.014896749,0.010683773,7.65e-5,0.007871568,0.018652628,0.003219617,0.04308138,"nu_bar_M[2,1]",isolate,MNPV,DO,2,nu,mod53,nu and C vary by morph + tree
5,0.012185702,0.0102374,6.62e-5,0.005276382,0.01587777,0.001450629,0.039033484,"nu_bar_M[3,1]",isolate,MNPV,DO,3,nu,mod53,nu and C vary by morph + tree
5,3.358489647,0.926096189,0.006243076,2.771236397,4.058409282,1.301842573,4.849977127,"C_M[2,2]",isolate,MNPV,GR,2,C,mod53,nu and C vary by morph + tree
5,3.357763188,0.983935192,0.006729578,2.732173203,4.112352404,1.124063868,4.873071935,"C_M[3,2]",isolate,MNPV,GR,3,C,mod53,nu and C vary by morph + tree
5,3.221607487,0.98389042,0.006705311,2.591017437,3.963821741,1.03477361,4.816339821,"C_M[4,2]",isolate,MNPV,GR,4,C,mod53,nu and C vary by morph + tree
5,2.900074229,1.045047435,0.007288084,2.21093319,3.676823994,0.660741426,4.697473297,"C_M[5,2]",isolate,MNPV,GR,5,C,mod53,nu and C vary by morph + tree
5,3.359065241,0.988713551,0.005294183,2.740520045,4.117609859,1.101021721,4.869999217,"C_M[3,2]",isolate,MNPV,GR,3,C,mod56,nu and C vary by morph + tree
5,3.228834648,0.982352305,0.005226631,2.601827747,3.968770216,1.033572773,4.82097943,"C_M[4,2]",isolate,MNPV,GR,4,C,mod56,nu and C vary by morph + tree
5,2.900865724,1.039572683,0.00586452,2.201862346,3.676446313,0.670728745,4.679656943,"C_M[5,2]",isolate,MNPV,GR,5,C,mod56,nu and C vary by morph + tree
5,3.231285548,0.843062209,0.00407558,2.678569101,3.846182655,1.446859691,4.703910705,"C_S[5,1]",isolate,SNPV,DO,10,C,mod65,nu and C vary by morph + tree
5,0.002922591,0.003781825,1.57e-5,6.74e-4,0.003714847,5.58e-5,0.01304105,"nu_bar_S[1,2]",isolate,SNPV,GR,6,nu,mod65,nu and C vary by morph + tree
5,0.001577716,0.00215476,8.19e-6,3.28e-4,0.001977428,2.68e-5,0.007338889,"nu_bar_S[2,2]",isolate,SNPV,GR,7,nu,mod65,nu and C vary by morph + tree
5,0.003957962,0.004777815,2.1e-5,0.001054999,0.005104073,9.28e-5,0.01661332,"nu_bar_S[3,2]",isolate,SNPV,GR,8,nu,mod65,nu and C vary by morph + tree
5,0.007004724,0.005904461,2.96e-5,0.003347693,0.00865733,0.00130456,0.022477278,"nu_bar_S[4,2]",isolate,SNPV,GR,9,nu,mod65,nu and C vary by morph + tree
5,0.004534456,0.004461071,1.99e-5,0.001771111,0.005753253,4.2e-4,0.016362357,"nu_bar_S[5,2]",isolate,SNPV,GR,10,nu,mod65,nu and C vary by morph + tree
5,0.020232587,0.013816404,1.02e-4,0.010964012,0.025110181,0.005073702,0.058845807,"nu_bar_S[5,1]",isolate,SNPV,DO,10,nu,mod35,nu and C vary by morph + tree
5,3.550162433,0.861879433,0.005563137,3.02783534,4.195704699,1.556805043,4.877252596,"C_S[1,1]",isolate,SNPV,DO,6,C,mod35,nu and C vary by morph + tree
5,3.690096402,0.816294509,0.005076658,3.201412013,4.306788911,1.795695238,4.904802141,"C_S[2,1]",isolate,SNPV,DO,7,C,mod35,nu and C vary by morph + tree
5,0.009937314,0.005310112,2.64e-5,0.006097279,0.013093588,0.001314852,0.022048177,mu_S[1],grand,SNPV,DO,NA,nu,mod55,nu and C vary by morph + tree
5,0.004186836,0.003153044,1.6e-5,0.001966146,0.005588217,3.54e-4,0.01237076,mu_S[2],grand,SNPV,GR,NA,nu,mod55,nu and C vary by morph + tree
5,3.492599285,0.613034179,0.00369528,3.100201741,3.935184164,2.17737474,4.557100591,muC_S[1],grand,SNPV,DO,NA,C,mod55,nu and C vary by morph + tree
5,3.171961375,0.736199391,0.004424747,2.688090605,3.712272783,1.607184662,4.454395715,muC_S[2],grand,SNPV,GR,NA,C,mod55,nu and C vary by morph + tree
5,0.010956886,0.009443858,4.82e-5,0.004626315,0.01431088,0.001250571,0.035498213,"nu_bar_S[1,1]",isolate,SNPV,DO,6,nu,mod55,nu and C vary by morph + tree
5,0.010469183,0.009029151,4.54e-5,0.004469661,0.013615384,0.001237917,0.034069304,"nu_bar_S[2,1]",isolate,SNPV,DO,7,nu,mod55,nu and C vary by morph + tree
5,0.008924643,0.008599301,3.9e-5,0.0030664,0.011956228,6.2e-4,0.031389303,"nu_bar_S[3,1]",isolate,SNPV,DO,8,nu,mod55,nu and C vary by morph + tree
5,0.014547709,0.010775068,5.89e-5,0.007360141,0.018432026,0.002765804,0.043795425,"nu_bar_S[4,1]",isolate,SNPV,DO,9,nu,mod55,nu and C vary by morph + tree
5,0.0199466,0.013370365,8.31e-5,0.010924717,0.02489797,0.004996868,0.056509726,"nu_bar_S[5,1]",isolate,SNPV,DO,10,nu,mod55,nu and C vary by morph + tree
5,3.54481461,0.858288559,0.004463476,3.029084432,4.181503012,1.568072057,4.880297369,"C_S[1,1]",isolate,SNPV,DO,6,C,mod55,nu and C vary by morph + tree
5,3.685595475,0.810276449,0.004235929,3.20020831,4.300351286,1.821751347,4.903318953,"C_S[2,1]",isolate,SNPV,DO,7,C,mod55,nu and C vary by morph + tree
5,3.68620272,0.83588769,0.004318711,3.191022575,4.318621228,1.735445675,4.909888144,"C_S[3,1]",isolate,SNPV,DO,8,C,mod55,nu and C vary by morph + tree
5,3.640490006,0.774984069,0.004035725,3.159335334,4.219059081,1.910011558,4.873298049,"C_S[4,1]",isolate,SNPV,DO,9,C,mod55,nu and C vary by morph + tree
5,3.234127783,0.840631275,0.004429614,2.688736899,3.840453322,1.446652632,4.712229637,"C_S[5,1]",isolate,SNPV,DO,10,C,mod55,nu and C vary by morph + tree
5,0.002966745,0.003893231,1.67e-5,6.75e-4,0.003765771,5.53e-5,0.013102124,"nu_bar_S[1,2]",isolate,SNPV,GR,6,nu,mod55,nu and C vary by morph + tree
5,3.270595394,0.918972785,0.006447776,2.675851804,3.95098409,1.258002839,4.828970325,"C_M[3,1]",isolate,MNPV,DO,3,C,mod53,nu and C vary by morph + tree
5,2.974970896,0.794309113,0.00562886,2.448906394,3.517360219,1.380311808,4.51843403,"C_M[4,1]",isolate,MNPV,DO,4,C,mod53,nu and C vary by morph + tree
5,2.830330216,0.909294798,0.006568465,2.23120099,3.463827636,0.932263551,4.523592471,"C_M[5,1]",isolate,MNPV,DO,5,C,mod53,nu and C vary by morph + tree
5,0.007461937,0.006077268,3.78e-5,0.003531716,0.009488294,0.001132619,0.023154951,"nu_bar_M[1,2]",isolate,MNPV,GR,1,nu,mod53,nu and C vary by morph + tree
5,0.010676183,0.007951926,5.43e-5,0.005505617,0.013397852,0.002163904,0.031597978,"nu_bar_M[2,2]",isolate,MNPV,GR,2,nu,mod53,nu and C vary by morph + tree
5,0.004410993,0.004680139,2.71e-5,0.001427844,0.005744875,3.07e-4,0.016978167,"nu_bar_M[3,2]",isolate,MNPV,GR,3,nu,mod53,nu and C vary by morph + tree
5,0.007304416,0.006169533,3.83e-5,0.003314012,0.009343251,0.001003053,0.023323524000000002,"nu_bar_M[4,2]",isolate,MNPV,GR,4,nu,mod53,nu and C vary by morph + tree
5,0.010996006,0.007388298,5.1e-5,0.00623185,0.013523525,0.003005863,0.030363652,"nu_bar_M[5,2]",isolate,MNPV,GR,5,nu,mod53,nu and C vary by morph + tree
5,3.214453369,0.989347809,0.006919432,2.576352906,3.959624154,1.017253418,4.817658805,"C_M[1,2]",isolate,MNPV,GR,1,C,mod53,nu and C vary by morph + tree
5,0.011834649,0.00574983,2.89e-5,0.007749942,0.015359102,0.001831084,0.024473753,mu_M[1],grand,MNPV,DO,NA,nu,mod55,nu and C vary by morph + tree
5,0.007298524,0.004139157,2.28e-5,0.004349006,0.00953314,0.001030393,0.017239398,mu_M[2],grand,MNPV,GR,NA,nu,mod55,nu and C vary by morph + tree
5,2.968637694,0.674207309,0.004280956,2.520198798,3.442508754,1.59136269,4.227483012,muC_M[1],grand,MNPV,DO,NA,C,mod55,nu and C vary by morph + tree
5,3.19308138,0.723645634,0.004450593,2.715151402,3.719538018,1.662796911,4.463576463,muC_M[2],grand,MNPV,GR,NA,C,mod55,nu and C vary by morph + tree
5,0.013735297,0.010947024,5.94e-5,0.006490021,0.017518944,0.002235486,0.042971192,"nu_bar_M[1,1]",isolate,MNPV,DO,1,nu,mod55,nu and C vary by morph + tree
5,0.009956234,0.005337015,3.16e-5,0.006092813,0.013145477,0.001349213,0.02207588,mu_S[1],grand,SNPV,DO,NA,nu,mod35,nu and C vary by morph + tree
5,0.004160713,0.00315203,1.98e-5,0.001955623,0.00551283,3.25e-4,0.012432486,mu_S[2],grand,SNPV,GR,NA,nu,mod35,nu and C vary by morph + tree
5,3.499570029,0.619497609,0.004447637,3.108691421,3.941713975,2.165238518,4.576211013,muC_S[1],grand,SNPV,DO,NA,C,mod35,nu and C vary by morph + tree
5,3.178419739,0.739594413,0.005589175,2.688478282,3.71937632,1.620328489,4.472006634,muC_S[2],grand,SNPV,GR,NA,C,mod35,nu and C vary by morph + tree
5,0.011025764,0.009571815,5.92e-5,0.00459297,0.014398649,0.00126743,0.03608075,"nu_bar_S[1,1]",isolate,SNPV,DO,6,nu,mod35,nu and C vary by morph + tree
5,0.010507538,0.009107371,5.3e-5,0.004448653,0.013666095,0.001260368,0.034193476,"nu_bar_S[2,1]",isolate,SNPV,DO,7,nu,mod35,nu and C vary by morph + tree
5,0.009044588,0.008750192,4.84e-5,0.003101387,0.012093177,6e-4,0.03246014,"nu_bar_S[3,1]",isolate,SNPV,DO,8,nu,mod35,nu and C vary by morph + tree
5,0.014767094,0.011116114,7.25e-5,0.007404091,0.01869995,0.002787579,0.044628869,"nu_bar_S[4,1]",isolate,SNPV,DO,9,nu,mod35,nu and C vary by morph + tree
5,2.832417686,0.923609541,0.005354708,2.227554231,3.47880444,0.884777557,4.552146677,"C_M[5,1]",isolate,MNPV,DO,5,C,mod55,nu and C vary by morph + tree
5,0.007536905,0.006215081,3.2e-5,0.003531126,0.009582764,0.001126161,0.02349219,"nu_bar_M[1,2]",isolate,MNPV,GR,1,nu,mod55,nu and C vary by morph + tree
5,0.010729784,0.007989901,4.25e-5,0.005505128,0.01351034,0.002156846,0.031838875,"nu_bar_M[2,2]",isolate,MNPV,GR,2,nu,mod55,nu and C vary by morph + tree
5,0.004467442,0.00470706,2.18e-5,0.001430134,0.005844318,3.04e-4,0.016967036,"nu_bar_M[3,2]",isolate,MNPV,GR,3,nu,mod55,nu and C vary by morph + tree
5,0.012140162,0.010106255,4.98e-5,0.005275668,0.015878643,0.001461088,0.038973747,"nu_bar_M[3,1]",isolate,MNPV,DO,3,nu,mod56,nu and C vary by morph + tree
5,0.009926472,0.005325928,2.72e-5,0.006040907,0.013120229,0.001393963,0.022028276,mu_S[1],grand,SNPV,DO,NA,nu,mod75,nu and C vary by morph + tree
5,0.004018033,0.004791136,2.11e-5,0.00106401,0.005176421,8.91e-5,0.016886522,"nu_bar_S[3,2]",isolate,SNPV,GR,8,nu,mod55,nu and C vary by morph + tree
5,0.007110362,0.006064125,3.24e-5,0.003354074,0.008791498,0.001308206,0.023323078,"nu_bar_S[4,2]",isolate,SNPV,GR,9,nu,mod55,nu and C vary by morph + tree
5,3.16580248,0.7456543,0.004595563,2.672303075,3.709052294,1.597325849,4.459530461,muC_S[2],grand,SNPV,GR,NA,C,mod75,nu and C vary by morph + tree
5,0.011001809,0.009693809,4.76e-5,0.004554446,0.014266351,0.001225315,0.0368437,"nu_bar_S[1,1]",isolate,SNPV,DO,6,nu,mod75,nu and C vary by morph + tree
5,0.010475816,0.009007077,4.41e-5,0.004432357,0.013657452,0.001235761,0.034444083,"nu_bar_S[2,1]",isolate,SNPV,DO,7,nu,mod75,nu and C vary by morph + tree
5,0.00899508,0.008922038,4.25e-5,0.003010753,0.012052427,5.86e-4,0.032343758,"nu_bar_S[3,1]",isolate,SNPV,DO,8,nu,mod75,nu and C vary by morph + tree
5,0.01464572,0.010951234,5.92e-5,0.007344124,0.018639938000000002,0.002740838,0.044014874,"nu_bar_S[4,1]",isolate,SNPV,DO,9,nu,mod75,nu and C vary by morph + tree
5,0.011778578,0.00575824,2.87e-5,0.007739743,0.015324484,0.001781481,0.024533072,mu_M[1],grand,MNPV,DO,NA,nu,mod57,nu and C vary by morph + tree
5,0.007265037,0.004136766,2.33e-5,0.004331643,0.009471008,0.001017519,0.017276529,mu_M[2],grand,MNPV,GR,NA,nu,mod57,nu and C vary by morph + tree
5,0.013737781,0.010801538,5.81e-5,0.006576904,0.017565058,0.002207881,0.04279247,"nu_bar_M[1,1]",isolate,MNPV,DO,1,nu,mod56,nu and C vary by morph + tree
5,0.015137991,0.011131165,6.64e-5,0.007903746,0.018878538,0.003194738,0.045205819,"nu_bar_M[2,1]",isolate,MNPV,DO,2,nu,mod56,nu and C vary by morph + tree
5,0.02003722,0.013407198,7.41e-5,0.010913584,0.025018785,0.005024138,0.056924287,"nu_bar_S[5,1]",isolate,SNPV,DO,10,nu,mod65,nu and C vary by morph + tree
5,0.001597821,0.002215919,8.94e-6,3.37e-4,0.001988939,2.91e-5,0.007527871,"nu_bar_S[2,2]",isolate,SNPV,GR,7,nu,mod55,nu and C vary by morph + tree
5,3.685861459,0.814401221,0.003959992,3.195475897,4.29988919,1.806348421,4.904869617,"C_S[2,1]",isolate,SNPV,DO,7,C,mod65,nu and C vary by morph + tree
5,3.68251083,0.832716342,0.00405612,3.188073161,4.313413401,1.722831381,4.907696899,"C_S[3,1]",isolate,SNPV,DO,8,C,mod65,nu and C vary by morph + tree
5,0.00458475,0.00451462,2.1e-5,0.001791461,0.005803073,4.22e-4,0.016589363,"nu_bar_S[5,2]",isolate,SNPV,GR,10,nu,mod55,nu and C vary by morph + tree
5,3.24733531,1.021382418,0.005292009,2.592353876,4.02985264,0.934879379,4.847324071,"C_S[1,2]",isolate,SNPV,GR,6,C,mod55,nu and C vary by morph + tree
5,3.232910695,1.028317984,0.005363979,2.566676662,4.023532043,0.930584192,4.851310135,"C_S[2,2]",isolate,SNPV,GR,7,C,mod55,nu and C vary by morph + tree
5,3.224411139,1.010874131,0.005238225,2.57136346,3.992915631,0.963497867,4.837974727,"C_S[3,2]",isolate,SNPV,GR,8,C,mod55,nu and C vary by morph + tree
5,2.967558706,1.030186436,0.005597343,2.284641894,3.738634823,0.747306164,4.725985952,"C_S[4,2]",isolate,SNPV,GR,9,C,mod55,nu and C vary by morph + tree
5,3.27180694,1.000271684,0.005227055,2.636699336,4.032059411,1.024597683,4.847213954,"C_S[5,2]",isolate,SNPV,GR,10,C,mod55,nu and C vary by morph + tree
5,0.004430472,0.004692399,2.14e-5,0.001414111,0.005791601,2.93e-4,0.016871655,"nu_bar_M[3,2]",isolate,MNPV,GR,3,nu,mod56,nu and C vary by morph + tree
5,0.007364948,0.006198617,3.06e-5,0.003307174,0.009492374,9.98e-4,0.023502925,"nu_bar_M[4,2]",isolate,MNPV,GR,4,nu,mod56,nu and C vary by morph + tree
5,0.011002815,0.00735082,4.17e-5,0.00627584,0.013460575,0.002991467,0.030166139,"nu_bar_M[5,2]",isolate,MNPV,GR,5,nu,mod56,nu and C vary by morph + tree
5,3.192195277,0.719373254,0.004521396,2.718977968,3.710704873,1.679574771,4.462420255,muC_M[2],grand,MNPV,GR,NA,C,mod57,nu and C vary by morph + tree
5,3.5410505,0.861120472,0.004172604,3.019001131,4.181151886,1.570779331,4.875562882,"C_S[1,1]",isolate,SNPV,DO,6,C,mod65,nu and C vary by morph + tree
5,0.014879393,0.010804687,6.2e-5,0.007811877,0.018553856,0.003237274,0.04409758,"nu_bar_M[2,1]",isolate,MNPV,DO,2,nu,mod57,nu and C vary by morph + tree
5,0.012041046,0.009985724,5.05e-5,0.005252502,0.015809359,0.001441484,0.038032097,"nu_bar_M[3,1]",isolate,MNPV,DO,3,nu,mod57,nu and C vary by morph + tree
5,3.636352522,0.781706328,0.003854787,3.159299571,4.220409615,1.896903271,4.8724163,"C_S[4,1]",isolate,SNPV,DO,9,C,mod65,nu and C vary by morph + tree
5,3.218419037,0.985595626,0.00546696,2.581280394,3.960052702,1.032466489,4.815918419,"C_M[4,2]",isolate,MNPV,GR,4,C,mod57,nu and C vary by morph + tree
5,2.899539962,1.043152191,0.00591787,2.208424818,3.673065813,0.660065733,4.694961415,"C_M[5,2]",isolate,MNPV,GR,5,C,mod57,nu and C vary by morph + tree
5,3.006594442,0.966974371,0.00536768,2.374545701,3.707476889,0.91780576,4.716906056,"C_M[1,1]",isolate,MNPV,DO,1,C,mod55,nu and C vary by morph + tree
5,2.704125051,1.007453459,0.005693738,2.019494332,3.432696114,0.60519086,4.53369422,"C_M[2,1]",isolate,MNPV,DO,2,C,mod55,nu and C vary by morph + tree
5,3.268887899,0.919076729,0.005015378,2.672031746,3.95224867,1.277815478,4.818239188,"C_M[3,1]",isolate,MNPV,DO,3,C,mod55,nu and C vary by morph + tree
5,2.969663007,0.802391107,0.004463915,2.438858245,3.514721816,1.364510352,4.538427651,"C_M[4,1]",isolate,MNPV,DO,4,C,mod55,nu and C vary by morph + tree
5,0.020077074,0.013537766,8.06e-5,0.010896203,0.025091411,0.004989025,0.057591545,"nu_bar_S[5,1]",isolate,SNPV,DO,10,nu,mod75,nu and C vary by morph + tree
5,2.963916048,0.670279127,0.004313218,2.514331673,3.432900283,1.597991531,4.218924443,muC_M[1],grand,MNPV,DO,NA,C,mod57,nu and C vary by morph + tree
5,0.004401038,0.004645052,2.12e-5,0.00142451,0.00575297,2.99e-4,0.016720572,"nu_bar_M[3,2]",isolate,MNPV,GR,3,nu,mod57,nu and C vary by morph + tree
5,0.013632625,0.010826336,6.23e-5,0.006467911,0.017347112,0.002230751,0.042716865,"nu_bar_M[1,1]",isolate,MNPV,DO,1,nu,mod57,nu and C vary by morph + tree
5,0.01094464,0.007390952,4.18e-5,0.006230975,0.013355499,0.003003913,0.030351913,"nu_bar_M[5,2]",isolate,MNPV,GR,5,nu,mod57,nu and C vary by morph + tree
5,3.208922146,0.999732405,0.005404602,2.565475536,3.963163011,0.975746883,4.819226663,"C_M[1,2]",isolate,MNPV,GR,1,C,mod57,nu and C vary by morph + tree
5,0.02323567,0.014709211,9.99e-5,0.013172944,0.028820514,0.006406857,0.064391873,"nu_bar_M[4,1]",isolate,MNPV,DO,4,nu,mod57,nu and C vary by morph + tree
5,0.018683296,0.012330924,7.79e-5,0.010473292,0.023085031,0.005067919,0.052146575,"nu_bar_M[5,1]",isolate,MNPV,DO,5,nu,mod57,nu and C vary by morph + tree
5,2.996296938,0.956370749,0.005408067,2.373823073,3.686125644,0.94674639,4.701099717,"C_M[1,1]",isolate,MNPV,DO,1,C,mod57,nu and C vary by morph + tree
5,2.695841489,1.008922777,0.005725811,2.017817543,3.425162056,0.59274005,4.531274969,"C_M[2,1]",isolate,MNPV,DO,2,C,mod57,nu and C vary by morph + tree
5,3.256692612,0.920908438,0.00517551,2.66171215,3.931837144,1.260307452,4.827328553,"C_M[3,1]",isolate,MNPV,DO,3,C,mod57,nu and C vary by morph + tree
5,2.965229769,0.795362441,0.00447241,2.439002667,3.507130385,1.365140922,4.509119988,"C_M[4,1]",isolate,MNPV,DO,4,C,mod57,nu and C vary by morph + tree
5,2.826027108,0.916350453,0.005370456,2.226528135,3.466607296,0.889065451,4.524523741,"C_M[5,1]",isolate,MNPV,DO,5,C,mod57,nu and C vary by morph + tree
5,0.007441986,0.005957688,2.93e-5,0.00354677,0.009480926,0.001139579,0.023066107,"nu_bar_M[1,2]",isolate,MNPV,GR,1,nu,mod57,nu and C vary by morph + tree
5,0.010669859,0.007912286,4.44e-5,0.005498245,0.01341678,0.002130219,0.031415188,"nu_bar_M[2,2]",isolate,MNPV,GR,2,nu,mod57,nu and C vary by morph + tree
5,3.54801076,0.865913422,0.004563806,3.028827162,4.196286073,1.557282889,4.8811607,"C_S[1,1]",isolate,SNPV,DO,6,C,mod75,nu and C vary by morph + tree
5,0.007290419,0.006130266,3.04e-5,0.00330021,0.009384079,9.94e-4,0.023122761,"nu_bar_M[4,2]",isolate,MNPV,GR,4,nu,mod57,nu and C vary by morph + tree
5,3.682804806,0.838399364,0.00440074,3.187409654,4.318784385,1.725792192,4.913057169,"C_S[3,1]",isolate,SNPV,DO,8,C,mod75,nu and C vary by morph + tree
5,3.641676864,0.782937261,0.004108727,3.157560569,4.22967564,1.880971619,4.876490886,"C_S[4,1]",isolate,SNPV,DO,9,C,mod75,nu and C vary by morph + tree
5,3.357847252,0.922006551,0.005015531,2.775104508,4.045826721,1.269499542,4.841767527,"C_M[2,2]",isolate,MNPV,GR,2,C,mod57,nu and C vary by morph + tree
5,3.35790235,0.984809774,0.00536956,2.738494244,4.110160866,1.102360921,4.876474349,"C_M[3,2]",isolate,MNPV,GR,3,C,mod57,nu and C vary by morph + tree
5,0.023349135,0.014938615,9.84e-5,0.013150488,0.028978496,0.006455679,0.065686557,"nu_bar_M[4,1]",isolate,MNPV,DO,4,nu,mod55,nu and C vary by morph + tree
5,0.018849934,0.012559173,7.76e-5,0.010509472,0.023224857,0.004980233,0.053210674,"nu_bar_M[5,1]",isolate,MNPV,DO,5,nu,mod55,nu and C vary by morph + tree
5,3.275748708,0.91348675,0.004998668,2.687701174,3.945927263,1.291660402,4.824773471,"C_M[3,1]",isolate,MNPV,DO,3,C,mod56,nu and C vary by morph + tree
5,2.983888819,0.791232844,0.004422867,2.455997184,3.527704665,1.39215734,4.511472518,"C_M[4,1]",isolate,MNPV,DO,4,C,mod56,nu and C vary by morph + tree
5,2.841482761,0.908065549,0.005216253,2.246361598,3.474492439,0.927677184,4.537088559,"C_M[5,1]",isolate,MNPV,DO,5,C,mod56,nu and C vary by morph + tree
5,0.007520397,0.006045887,2.98e-5,0.003572387,0.009601775,0.001162079,0.023129551,"nu_bar_M[1,2]",isolate,MNPV,GR,1,nu,mod56,nu and C vary by morph + tree
5,0.010648279,0.007782197,4.13e-5,0.005496293,0.013450246,0.002145372,0.030986266,"nu_bar_M[2,2]",isolate,MNPV,GR,2,nu,mod56,nu and C vary by morph + tree
5,0.010469699,0.008976646,4.1e-5,0.004441494,0.013729236,0.001241113,0.03394623,"nu_bar_S[2,1]",isolate,SNPV,DO,7,nu,mod65,nu and C vary by morph + tree
5,3.678706928,0.825234358,0.004398812,3.191045239,4.300447828,1.774950981,4.90652522,"C_S[2,1]",isolate,SNPV,DO,7,C,mod75,nu and C vary by morph + tree
5,0.014617136,0.010975724,5.66e-5,0.007275781,0.01852691,0.002751552,0.044309502,"nu_bar_S[4,1]",isolate,SNPV,DO,9,nu,mod65,nu and C vary by morph + tree
5,2.721812324,1.002727955,0.005723873,2.055310529,3.44093012,0.613264819,4.555684348,"C_M[2,1]",isolate,MNPV,DO,2,C,mod56,nu and C vary by morph + tree
5,0.023565673,0.015052751,9.92e-5,0.013369583,0.02908484,0.006391098,0.065703497,"nu_bar_M[4,1]",isolate,MNPV,DO,4,nu,mod56,nu and C vary by morph + tree
5,0.018995926,0.012661021,8.13e-5,0.010620256,0.023351268,0.00510061,0.053948149,"nu_bar_M[5,1]",isolate,MNPV,DO,5,nu,mod56,nu and C vary by morph + tree
5,3.020441305,0.95802653,0.005403051,2.401754574,3.708526465,0.955580031,4.725117436,"C_M[1,1]",isolate,MNPV,DO,1,C,mod56,nu and C vary by morph + tree
5,3.235864047,1.028974251,0.005442536,2.578996323,4.022678734,0.924768881,4.851036589,"C_S[1,2]",isolate,SNPV,GR,6,C,mod75,nu and C vary by morph + tree
5,0.003981515,0.004729226,2.1e-5,0.001057328,0.005122283,9.57e-5,0.016766953,"nu_bar_S[3,2]",isolate,SNPV,GR,8,nu,mod75,nu and C vary by morph + tree
5,0.007006619,0.005895984,3.02e-5,0.003319501,0.008707907,0.001294691,0.022570309,"nu_bar_S[4,2]",isolate,SNPV,GR,9,nu,mod75,nu and C vary by morph + tree
5,0.00454314,0.004508661,2.14e-5,0.0017667,0.005752327,4.3e-4,0.016328883,"nu_bar_S[5,2]",isolate,SNPV,GR,10,nu,mod75,nu and C vary by morph + tree
5,3.266471082,1.0085966,0.005382,2.619058083,4.033656329,0.98450174,4.851880613,"C_S[5,2]",isolate,SNPV,GR,10,C,mod75,nu and C vary by morph + tree
5,3.219867294,1.032755043,0.005493237,2.558010702,4.006562714,0.898723087,4.847182321,"C_S[2,2]",isolate,SNPV,GR,7,C,mod75,nu and C vary by morph + tree
5,3.223974486,1.021930219,0.005430665,2.566796516,4.002503072,0.95358583,4.843091265,"C_S[3,2]",isolate,SNPV,GR,8,C,mod75,nu and C vary by morph + tree
5,0.008946552,0.008723905,3.83e-5,0.003032488,0.01199066,6.02e-4,0.031756215,"nu_bar_S[3,1]",isolate,SNPV,DO,8,nu,mod65,nu and C vary by morph + tree
5,0.012109278,0.010074108,5.01e-5,0.005253766,0.015854945,0.001434174,0.03854334,"nu_bar_M[3,1]",isolate,MNPV,DO,3,nu,mod55,nu and C vary by morph + tree
5,0.001571339,0.00217989,8.65e-6,3.26e-4,0.001947817,2.66e-5,0.007399379,"nu_bar_S[2,2]",isolate,SNPV,GR,7,nu,mod75,nu and C vary by morph + tree
5,0.004140541,0.003125724,1.52e-5,0.001941534,0.005476918,3.45e-4,0.012264971,mu_S[2],grand,SNPV,GR,NA,nu,mod65,nu and C vary by morph + tree
5,0.014955027,0.010957135,6.32e-5,0.007811741,0.018613746,0.003211432,0.044644667,"nu_bar_M[2,1]",isolate,MNPV,DO,2,nu,mod55,nu and C vary by morph + tree
5,2.960764901,1.04200905,0.005696416,2.268110727,3.736987379,0.703624809,4.736254864,"C_S[4,2]",isolate,SNPV,GR,9,C,mod75,nu and C vary by morph + tree
5,0.009908583,0.005345604,2.5e-5,0.006021847,0.013091637,0.001263199,0.022078926,mu_S[1],grand,SNPV,DO,NA,nu,mod65,nu and C vary by morph + tree
5,3.491740203,0.614470305,0.003406302,3.099873313,3.930667278,2.176431954,4.560273526,muC_S[1],grand,SNPV,DO,NA,C,mod65,nu and C vary by morph + tree
5,3.235494228,0.846133822,0.004464048,2.682920534,3.848161412,1.429794402,4.719298674,"C_S[5,1]",isolate,SNPV,DO,10,C,mod75,nu and C vary by morph + tree
5,0.01088387,0.009474097,4.44e-5,0.004559267,0.014171958,0.001231405,0.03576306,"nu_bar_S[1,1]",isolate,SNPV,DO,6,nu,mod65,nu and C vary by morph + tree
5,0.002930564,0.003773078,1.63e-5,6.69e-4,0.003719207,5.56e-5,0.012975968,"nu_bar_S[1,2]",isolate,SNPV,GR,6,nu,mod75,nu and C vary by morph + tree
5,3.16215092,0.745898717,0.004390467,2.672570623,3.709264176,1.586380289,4.45386623,muC_S[2],grand,SNPV,GR,NA,C,mod65,nu and C vary by morph + tree
6,2.61615768,0.947652072,0.004854028,1.981858456,3.279635559,0.667671593,4.403439691,"C_S[5,1]",isolate,SNPV,DO,10,C,mod56,"nu varies by morph, C by morph + tree"
6,3.097505718,0.926630682,0.006094999,2.498682416,3.766990451,1.111515189,4.731440913,"C_S[4,1]",isolate,SNPV,DO,9,C,mod36,"nu varies by morph, C by morph + tree"
6,2.608086611,0.946037217,0.00623701,1.973444542,3.269849506,0.659844151,4.407867298,"C_S[5,1]",isolate,SNPV,DO,10,C,mod36,"nu varies by morph, C by morph + tree"
6,0.009272615,0.005817561,3.92e-5,0.005448274,0.011415571,0.002753627,0.024287368,nu_bar_S[5],isolate,SNPV,NA,10,nu,mod36,"nu varies by morph, C by morph + tree"
6,0.006924368,0.004323196,2e-5,0.004021745,0.008616972,0.0018132,0.01802986,nu_bar_M[1],isolate,MNPV,NA,1,nu,mod67,"nu varies by morph, C by morph + tree"
6,0.009927328,0.005564975,2.79e-5,0.006241891,0.012087871,0.003244581,0.024109407,nu_bar_M[2],isolate,MNPV,NA,2,nu,mod67,"nu varies by morph, C by morph + tree"
6,3.482332484,0.920524289,0.005790076,2.911525832,4.185701601,1.359874793,4.884031182,"C_S[1,2]",isolate,SNPV,GR,6,C,mod36,"nu varies by morph, C by morph + tree"
6,3.040505357,1.021771991,0.00644681,2.360093875,3.801190702,0.850827446,4.799709866,"C_S[3,1]",isolate,SNPV,DO,8,C,mod36,"nu varies by morph, C by morph + tree"
6,3.39492713,0.671302414,0.003901031,2.961998783,3.882021782,1.959596282,4.548095867,muC_S[2],grand,SNPV,GR,NA,C,mod56,"nu varies by morph, C by morph + tree"
6,0.003529557,0.003025472,1.27e-5,0.001573772,0.004512824,4.81e-4,0.011458999,nu_bar_S[1],isolate,SNPV,NA,6,nu,mod56,"nu varies by morph, C by morph + tree"
6,3.104228819,0.924171668,0.004798744,2.506938325,3.7710385300000002,1.123050137,4.736344904,"C_S[4,1]",isolate,SNPV,DO,9,C,mod56,"nu varies by morph, C by morph + tree"
6,0.008042949,0.005384473,2.87e-5,0.004557114,0.009907684,0.002243369,0.02191904,nu_bar_S[4],isolate,SNPV,NA,9,nu,mod56,"nu varies by morph, C by morph + tree"
6,0.009379056,0.006051276,3.18e-5,0.005435127,0.011511243000000001,0.002746302,0.025095579,nu_bar_S[5],isolate,SNPV,NA,10,nu,mod56,"nu varies by morph, C by morph + tree"
6,0.002479415,0.002088401,1.12e-5,0.001110191,0.003176755,3.62e-4,0.007999942,nu_bar_S[2],isolate,SNPV,NA,7,nu,mod36,"nu varies by morph, C by morph + tree"
6,0.002495188,0.002116901,8.66e-6,0.001112003,0.003201523,3.58e-4,0.00806597,nu_bar_S[2],isolate,SNPV,NA,7,nu,mod56,"nu varies by morph, C by morph + tree"
6,0.007994069,0.005255894,3.49e-5,0.004568262,0.0098027,0.00222192,0.021831572,nu_bar_S[4],isolate,SNPV,NA,9,nu,mod36,"nu varies by morph, C by morph + tree"
6,3.504069559,0.846000025,0.005490074,2.963943707,4.142481258,1.665333719,4.858126523,"C_M[4,2]",isolate,MNPV,GR,4,C,mod63,"nu varies by morph, C by morph + tree"
6,3.049684457,0.979367299,0.006458598,2.415452329,3.764025916,0.872210272,4.710350928,"C_M[5,2]",isolate,MNPV,GR,5,C,mod63,"nu varies by morph, C by morph + tree"
6,2.856629632,1.018950708,0.006572578,2.174881789,3.599503945,0.708864942,4.676181601,"C_S[1,1]",isolate,SNPV,DO,6,C,mod36,"nu varies by morph, C by morph + tree"
6,2.946347488,1.015820434,0.006403594,2.270366338,3.68837523,0.790484862,4.738208718,"C_S[2,1]",isolate,SNPV,DO,7,C,mod36,"nu varies by morph, C by morph + tree"
6,0.01191886,0.006253215,3.48e-5,0.007831094,0.014234844,0.004643461,0.028125153,nu_bar_M[5],isolate,MNPV,NA,5,nu,mod67,"nu varies by morph, C by morph + tree"
6,2.402763179,0.995717596,0.005143209,1.706446204,3.089996255,0.459597167,4.367976898,"C_M[1,1]",isolate,MNPV,DO,1,C,mod67,"nu varies by morph, C by morph + tree"
6,2.162343457,0.985408764,0.005131956,1.457278173,2.839368739,0.310813839,4.151821227,"C_M[2,1]",isolate,MNPV,DO,2,C,mod67,"nu varies by morph, C by morph + tree"
6,2.593948098,1.020187411,0.005188482,1.884075344,3.308972169,0.57026217,4.569427377,"C_M[3,1]",isolate,MNPV,DO,3,C,mod67,"nu varies by morph, C by morph + tree"
6,0.003073373,0.002995296,1.26e-5,0.001155161,0.003947179,2.6e-4,0.011071027,nu_bar_S[3],isolate,SNPV,NA,8,nu,mod56,"nu varies by morph, C by morph + tree"
6,3.057105939,0.983847989,0.004979991,2.424750812,3.780995366,0.875040341,4.716953471,"C_M[5,2]",isolate,MNPV,GR,5,C,mod66,"nu varies by morph, C by morph + tree"
6,2.873752552,1.025034015,0.005191317,2.188734676,3.621931496,0.706036631,4.712030306,"C_S[1,1]",isolate,SNPV,DO,6,C,mod56,"nu varies by morph, C by morph + tree"
6,2.947789717,1.01515651,0.005009921,2.267008015,3.693257237,0.78670831,4.727121308,"C_S[2,1]",isolate,SNPV,DO,7,C,mod56,"nu varies by morph, C by morph + tree"
6,0.003084641,0.003045716,1.66e-5,0.00114509,0.003990189,2.57e-4,0.011119958,nu_bar_S[3],isolate,SNPV,NA,8,nu,mod36,"nu varies by morph, C by morph + tree"
6,0.003505478,0.002959057,1.65e-5,0.001577198,0.004480301,4.82e-4,0.011217458,nu_bar_S[1],isolate,SNPV,NA,6,nu,mod36,"nu varies by morph, C by morph + tree"
6,0.008076938,0.003930536,1.96e-5,0.005391228,0.010286886,0.001437712,0.017105056,mu_M,grand,MNPV,NA,NA,nu,mod65,"nu varies by morph, C by morph + tree"
6,0.004285023,0.003389847,1.48e-5,0.002012001,0.005506076,7.29e-4,0.013213643,nu_bar_M[3],isolate,MNPV,NA,3,nu,mod67,"nu varies by morph, C by morph + tree"
6,0.012297901,0.007175448,4e-5,0.007581312,0.015005424,0.004044279,0.030792112,nu_bar_M[4],isolate,MNPV,NA,4,nu,mod67,"nu varies by morph, C by morph + tree"
6,0.005251688,0.003271858,1.61e-5,0.002967052,0.006862596,6.13e-4,0.01332219,mu_S,grand,SNPV,NA,NA,nu,mod56,"nu varies by morph, C by morph + tree"
6,2.933830274,0.705105243,0.004078705,2.453224985,3.433634367,1.496496445,4.234811592,muC_S[1],grand,SNPV,DO,NA,C,mod56,"nu varies by morph, C by morph + tree"
6,3.318714089,0.945837285,0.004653373,2.727942436,4.024623327,1.171117071,4.833520931,"C_M[1,2]",isolate,MNPV,GR,1,C,mod66,"nu varies by morph, C by morph + tree"
6,3.467545748,0.863544564,0.004247936,2.918467006,4.112450036,1.568193576,4.860753714,"C_M[2,2]",isolate,MNPV,GR,2,C,mod66,"nu varies by morph, C by morph + tree"
6,2.45272357,0.856501571,0.004473655,1.889580248,3.017357926,0.72234071,4.173074121,"C_M[4,1]",isolate,MNPV,DO,4,C,mod67,"nu varies by morph, C by morph + tree"
6,3.499556613,0.928654083,0.005820193,2.933031518,4.206837111,1.345842844,4.888112369,"C_S[2,2]",isolate,SNPV,GR,7,C,mod36,"nu varies by morph, C by morph + tree"
6,0.008069198,0.003939463,2.08e-5,0.005387662,0.010286522,0.00137925,0.017081681,mu_M,grand,MNPV,NA,NA,nu,mod67,"nu varies by morph, C by morph + tree"
6,2.472155635,0.691548491,0.004071669,1.992027338,2.948353356,1.134116271,3.824718158,muC_M[1],grand,MNPV,DO,NA,C,mod67,"nu varies by morph, C by morph + tree"
6,3.324632621,0.662709243,0.00382648,2.894523225,3.801264917,1.921990867,4.493578986,muC_M[2],grand,MNPV,GR,NA,C,mod67,"nu varies by morph, C by morph + tree"
6,3.323764529,0.658349048,0.004874873,2.89289226,3.797124429,1.940472352,4.491138437,muC_M[2],grand,MNPV,GR,NA,C,mod63,"nu varies by morph, C by morph + tree"
6,0.006965086,0.004420805,2.64e-5,0.0040124,0.008697618,0.001818701,0.01841233,nu_bar_M[1],isolate,MNPV,NA,1,nu,mod63,"nu varies by morph, C by morph + tree"
6,2.477439474,0.694431645,0.004008278,2.001461899,2.952232989,1.129745625,3.837352651,muC_M[1],grand,MNPV,DO,NA,C,mod65,"nu varies by morph, C by morph + tree"
6,3.321846318,0.661020474,0.003794699,2.892003766,3.794717489,1.925060512,4.492263595,muC_M[2],grand,MNPV,GR,NA,C,mod65,"nu varies by morph, C by morph + tree"
6,0.006901368,0.004297573,1.93e-5,0.00403446,0.008597168,0.001820487,0.01775495,nu_bar_M[1],isolate,MNPV,NA,1,nu,mod65,"nu varies by morph, C by morph + tree"
6,0.009956353,0.005635467,2.8e-5,0.006260907,0.01212841,0.003258198,0.02436329,nu_bar_M[2],isolate,MNPV,NA,2,nu,mod65,"nu varies by morph, C by morph + tree"
6,0.004285323,0.003368256,1.45e-5,0.00200787,0.005531163,7.31e-4,0.013168409,nu_bar_M[3],isolate,MNPV,NA,3,nu,mod65,"nu varies by morph, C by morph + tree"
6,0.012268225,0.007192627,4.15e-5,0.007562711,0.014946462,0.004087347,0.030690674,nu_bar_M[4],isolate,MNPV,NA,4,nu,mod65,"nu varies by morph, C by morph + tree"
6,3.489667047,0.902993275,0.004485592,2.926671406,4.17195987,1.429807643,4.882307608,"C_M[3,2]",isolate,MNPV,GR,3,C,mod66,"nu varies by morph, C by morph + tree"
6,3.517603653,0.848251859,0.004164068,2.975130021,4.158856506,1.657034332,4.875036113,"C_M[4,2]",isolate,MNPV,GR,4,C,mod66,"nu varies by morph, C by morph + tree"
6,0.00524738,0.003245611,2.06e-5,0.002981344,0.006853887,6.18e-4,0.013300206,mu_S,grand,SNPV,NA,NA,nu,mod36,"nu varies by morph, C by morph + tree"
6,2.929628574,0.70451866,0.005107046,2.460472215,3.423382783,1.491217228,4.240512764,muC_S[1],grand,SNPV,DO,NA,C,mod36,"nu varies by morph, C by morph + tree"
6,3.393860249,0.669612731,0.004849844,2.96296421,3.881076041,1.954230296,4.553582351,muC_S[2],grand,SNPV,GR,NA,C,mod36,"nu varies by morph, C by morph + tree"
6,3.477642394,0.909497616,0.005847978,2.920233409,4.164930368,1.39612503,4.878851028,"C_M[3,2]",isolate,MNPV,GR,3,C,mod63,"nu varies by morph, C by morph + tree"
6,0.012274371,0.00707386,3.85e-5,0.007581106,0.014946729,0.004111232,0.030477836,nu_bar_M[4],isolate,MNPV,NA,4,nu,mod66,"nu varies by morph, C by morph + tree"
6,0.011935426,0.006230355,3.54e-5,0.00786619,0.014244443,0.004635619,0.027941829,nu_bar_M[5],isolate,MNPV,NA,5,nu,mod66,"nu varies by morph, C by morph + tree"
6,2.41655312,0.985804412,0.004943226,1.736473177,3.090133761,0.486724021,4.370295119,"C_M[1,1]",isolate,MNPV,DO,1,C,mod66,"nu varies by morph, C by morph + tree"
6,2.17854049,0.981354561,0.004951354,1.481095021,2.85593614,0.345376358,4.154877288,"C_M[2,1]",isolate,MNPV,DO,2,C,mod66,"nu varies by morph, C by morph + tree"
6,2.61259443,1.016216396,0.00512589,1.911670586,3.322552709,0.572377215,4.584610627,"C_M[3,1]",isolate,MNPV,DO,3,C,mod66,"nu varies by morph, C by morph + tree"
6,2.45971267,0.854939665,0.004408323,1.892986051,3.03054444,0.739040052,4.166206824,"C_M[4,1]",isolate,MNPV,DO,4,C,mod66,"nu varies by morph, C by morph + tree"
6,2.310054878,0.929813461,0.0049146,1.675920889,2.943536256,0.469999534,4.161085965,"C_M[5,1]",isolate,MNPV,DO,5,C,mod66,"nu varies by morph, C by morph + tree"
6,0.011916081,0.006209617,3.5e-5,0.007860309,0.01420504,0.004621683,0.028092901,nu_bar_M[5],isolate,MNPV,NA,5,nu,mod65,"nu varies by morph, C by morph + tree"
6,2.412652007,1.000318013,0.005265465,1.718899831,3.099445387,0.460273187,4.416495158,"C_M[1,1]",isolate,MNPV,DO,1,C,mod65,"nu varies by morph, C by morph + tree"
6,2.297994735,0.930619783,0.004921936,1.661793532,2.927968131,0.470981322,4.161034421,"C_M[5,1]",isolate,MNPV,DO,5,C,mod67,"nu varies by morph, C by morph + tree"
6,0.008115664,0.003929323,2.57e-5,0.005435943,0.010304627,0.001510274,0.017264621,mu_M,grand,MNPV,NA,NA,nu,mod63,"nu varies by morph, C by morph + tree"
6,2.468884349,0.687883498,0.005064026,1.995983574,2.937232564,1.137552725,3.81783376,muC_M[1],grand,MNPV,DO,NA,C,mod63,"nu varies by morph, C by morph + tree"
6,3.397287111,0.948679411,0.005888401,2.810409028,4.120179326,1.228148927,4.859311565,"C_S[3,2]",isolate,SNPV,GR,8,C,mod36,"nu varies by morph, C by morph + tree"
6,3.190032782,0.96876045,0.00639626,2.576194687,3.910591828,1.016882109,4.785129804,"C_S[4,2]",isolate,SNPV,GR,9,C,mod36,"nu varies by morph, C by morph + tree"
6,3.647043873,0.840095377,0.0054005,3.135614638,4.287086661,1.717973425,4.904766243,"C_S[5,2]",isolate,SNPV,GR,10,C,mod36,"nu varies by morph, C by morph + tree"
6,3.036602885,1.010474821,0.004960136,2.371583773,3.784163072,0.851699454,4.776826783,"C_S[3,1]",isolate,SNPV,DO,8,C,mod56,"nu varies by morph, C by morph + tree"
6,0.00523393,0.003264391,1.55e-5,0.002942104,0.006867624,6.02e-4,0.013361577,mu_S,grand,SNPV,NA,NA,nu,mod66,"nu varies by morph, C by morph + tree"
6,2.936559648,0.701633941,0.003926902,2.465183337,3.431586664,1.515629313,4.243350457,muC_S[1],grand,SNPV,DO,NA,C,mod66,"nu varies by morph, C by morph + tree"
6,3.482617658,0.923930554,0.00463164,2.91925514,4.185952113,1.34935957,4.878238456,"C_S[1,2]",isolate,SNPV,GR,6,C,mod56,"nu varies by morph, C by morph + tree"
6,3.509384666,0.932844093,0.004626304,2.947427097,4.219509419,1.329623402,4.898127161,"C_S[2,2]",isolate,SNPV,GR,7,C,mod56,"nu varies by morph, C by morph + tree"
6,3.385253233,0.955458876,0.004900238,2.797220397,4.105739098,1.176654218,4.856998182,"C_S[3,2]",isolate,SNPV,GR,8,C,mod56,"nu varies by morph, C by morph + tree"
6,3.189469281,0.975842837,0.004953415,2.565218806,3.922139602,1.009007177,4.778071267,"C_S[4,2]",isolate,SNPV,GR,9,C,mod56,"nu varies by morph, C by morph + tree"
6,3.651213662,0.839757423,0.004090329,3.137493316,4.292679181,1.732358714,4.906326158,"C_S[5,2]",isolate,SNPV,GR,10,C,mod56,"nu varies by morph, C by morph + tree"
6,2.170538527,0.989638553,0.005195754,1.46368027,2.84510754,0.322556231,4.179679363,"C_M[2,1]",isolate,MNPV,DO,2,C,mod65,"nu varies by morph, C by morph + tree"
6,2.600419709,1.019122449,0.005137908,1.902647831,3.309710206,0.570250716,4.588472169,"C_M[3,1]",isolate,MNPV,DO,3,C,mod65,"nu varies by morph, C by morph + tree"
6,3.462669574,0.86060277,0.005376632,2.917991713,4.105106308,1.561842829,4.857622623,"C_M[2,2]",isolate,MNPV,GR,2,C,mod63,"nu varies by morph, C by morph + tree"
6,0.004315357,0.003425097,1.5e-5,0.002008642,0.00555358,7.32e-4,0.013349246,nu_bar_M[3],isolate,MNPV,NA,3,nu,mod66,"nu varies by morph, C by morph + tree"
6,3.459722208,0.86104232,0.004246529,2.917892609,4.101694778,1.546492,4.851417908,"C_M[2,2]",isolate,MNPV,GR,2,C,mod67,"nu varies by morph, C by morph + tree"
6,0.009903869,0.005559784,3.64e-5,0.006237292,0.012054024,0.003252787,0.023960066,nu_bar_M[2],isolate,MNPV,NA,2,nu,mod63,"nu varies by morph, C by morph + tree"
6,0.004271751,0.003363112,1.93e-5,0.001996826,0.005529033,7.46e-4,0.013104652,nu_bar_M[3],isolate,MNPV,NA,3,nu,mod63,"nu varies by morph, C by morph + tree"
6,0.012319877,0.007222121,5.52e-5,0.007567801,0.015027034,0.004073975,0.030595916,nu_bar_M[4],isolate,MNPV,NA,4,nu,mod63,"nu varies by morph, C by morph + tree"
6,0.011930299,0.006285381,4.61e-5,0.007863261,0.014164578,0.004605601,0.028162315,nu_bar_M[5],isolate,MNPV,NA,5,nu,mod63,"nu varies by morph, C by morph + tree"
6,2.407774735,0.988807132,0.006406784,1.725319709,3.085571563,0.476327393,4.375716448,"C_M[1,1]",isolate,MNPV,DO,1,C,mod63,"nu varies by morph, C by morph + tree"
6,3.393635789,0.674668558,0.004036365,2.956891159,3.886233932,1.940005684,4.552939787,muC_S[2],grand,SNPV,GR,NA,C,mod76,"nu varies by morph, C by morph + tree"
6,0.003507934,0.002990618,1.26e-5,0.001568964,0.004464111,4.88e-4,0.011361533,nu_bar_S[1],isolate,SNPV,NA,6,nu,mod76,"nu varies by morph, C by morph + tree"
6,0.002497321,0.002105554,8.95e-6,0.001127608,0.003196868,3.55e-4,0.007995598,nu_bar_S[2],isolate,SNPV,NA,7,nu,mod76,"nu varies by morph, C by morph + tree"
6,0.003071458,0.003031948,1.31e-5,0.001139785,0.003979921,2.67e-4,0.011027807,nu_bar_S[3],isolate,SNPV,NA,8,nu,mod76,"nu varies by morph, C by morph + tree"
6,0.008017437,0.005397185,2.92e-5,0.004539412,0.009834966,0.002252338,0.021744352,nu_bar_S[4],isolate,SNPV,NA,9,nu,mod76,"nu varies by morph, C by morph + tree"
6,0.009286952,0.005916389,3.12e-5,0.005410202,0.011397287,0.002761206,0.02473233,nu_bar_S[5],isolate,SNPV,NA,10,nu,mod76,"nu varies by morph, C by morph + tree"
6,3.312604798,0.942730579,0.004676617,2.724520315,4.014230225,1.177678283,4.828413904,"C_M[1,2]",isolate,MNPV,GR,1,C,mod67,"nu varies by morph, C by morph + tree"
6,0.009979327,0.005655469,2.83e-5,0.006275519,0.012145983,0.003261749,0.024394561,nu_bar_M[2],isolate,MNPV,NA,2,nu,mod66,"nu varies by morph, C by morph + tree"
6,3.481549778,0.907643276,0.004446666,2.919408879,4.170051233,1.408663372,4.880285161,"C_M[3,2]",isolate,MNPV,GR,3,C,mod67,"nu varies by morph, C by morph + tree"
6,3.512838261,0.84482143,0.00427122,2.978531227,4.147152189,1.637821153,4.863406486,"C_M[4,2]",isolate,MNPV,GR,4,C,mod67,"nu varies by morph, C by morph + tree"
6,3.049727067,0.981724671,0.005037088,2.417665951,3.773752074,0.894619324,4.711181221,"C_M[5,2]",isolate,MNPV,GR,5,C,mod67,"nu varies by morph, C by morph + tree"
6,0.005196253,0.003233802,1.62e-5,0.002950588,0.006783178,5.75e-4,0.013230566,mu_S,grand,SNPV,NA,NA,nu,mod76,"nu varies by morph, C by morph + tree"
6,2.940698886,0.707449902,0.004486777,2.463205876,3.44142432,1.504852547,4.255184255,muC_S[1],grand,SNPV,DO,NA,C,mod76,"nu varies by morph, C by morph + tree"
6,3.38500448,0.957529625,0.004929134,2.798087707,4.105998321,1.176623062,4.861073728,"C_S[3,2]",isolate,SNPV,GR,8,C,mod76,"nu varies by morph, C by morph + tree"
6,2.162883575,0.983837922,0.006362348,1.460972705,2.830408027,0.327609655,4.184322787,"C_M[2,1]",isolate,MNPV,DO,2,C,mod63,"nu varies by morph, C by morph + tree"
6,2.600737259,1.007936264,0.006457529,1.911401552,3.301226611,0.594436356,4.567519652,"C_M[3,1]",isolate,MNPV,DO,3,C,mod63,"nu varies by morph, C by morph + tree"
6,2.449342163,0.846157913,0.005497742,1.888266823,3.012773669,0.758088656,4.133423549,"C_M[4,1]",isolate,MNPV,DO,4,C,mod63,"nu varies by morph, C by morph + tree"
6,2.291558213,0.919350267,0.005978938,1.663861358,2.914950411,0.475039984,4.124224607,"C_M[5,1]",isolate,MNPV,DO,5,C,mod63,"nu varies by morph, C by morph + tree"
6,3.308628221,0.941673687,0.005872347,2.721189901,4.016342788,1.186589734,4.822238819,"C_M[1,2]",isolate,MNPV,GR,1,C,mod63,"nu varies by morph, C by morph + tree"
6,0.006983033,0.004398726,1.98e-5,0.004038616,0.008704639,0.001821946,0.018247808,nu_bar_M[1],isolate,MNPV,NA,1,nu,mod66,"nu varies by morph, C by morph + tree"
6,2.874023443,1.017875739,0.004895447,2.194640962,3.61672824,0.729893136,4.690786376,"C_S[1,1]",isolate,SNPV,DO,6,C,mod66,"nu varies by morph, C by morph + tree"
6,2.45804712,0.855376912,0.004333345,1.888139173,3.025084463,0.738964165,4.160178534,"C_M[4,1]",isolate,MNPV,DO,4,C,mod65,"nu varies by morph, C by morph + tree"
6,2.307872161,0.927005534,0.004753189,1.676321134,2.931152793,0.487690202,4.171004109,"C_M[5,1]",isolate,MNPV,DO,5,C,mod65,"nu varies by morph, C by morph + tree"
6,3.306749046,0.942422167,0.00457796,2.722243288,4.008691042,1.180977971,4.827462277,"C_M[1,2]",isolate,MNPV,GR,1,C,mod65,"nu varies by morph, C by morph + tree"
6,3.47968754,0.920720938,0.004885925,2.918520806,4.17717206,1.34644776,4.874190097,"C_S[1,2]",isolate,SNPV,GR,6,C,mod76,"nu varies by morph, C by morph + tree"
6,3.50766921,0.926154543,0.004663021,2.947107875,4.212430849,1.354807581,4.889107703,"C_S[2,2]",isolate,SNPV,GR,7,C,mod76,"nu varies by morph, C by morph + tree"
6,3.510612903,0.849330689,0.004140614,2.974014425,4.147162899,1.622679246,4.866841739,"C_M[4,2]",isolate,MNPV,GR,4,C,mod65,"nu varies by morph, C by morph + tree"
6,3.397741893,0.674204795,0.00370347,2.965415394,3.887540323,1.950754398,4.553760934,muC_S[2],grand,SNPV,GR,NA,C,mod66,"nu varies by morph, C by morph + tree"
6,0.003555956,0.003112182,1.28e-5,0.001570619,0.00453498,4.79e-4,0.01161238,nu_bar_S[1],isolate,SNPV,NA,6,nu,mod66,"nu varies by morph, C by morph + tree"
6,0.002476412,0.002075551,8.12e-6,0.001121049,0.00316605,3.58e-4,0.007977313,nu_bar_S[2],isolate,SNPV,NA,7,nu,mod66,"nu varies by morph, C by morph + tree"
6,0.003069149,0.003065915,1.23e-5,0.001132414,0.003947204,2.55e-4,0.011263381,nu_bar_S[3],isolate,SNPV,NA,8,nu,mod66,"nu varies by morph, C by morph + tree"
6,0.008043394,0.005424451,2.75e-5,0.004569974,0.009868294,0.002278853,0.022390666,nu_bar_S[4],isolate,SNPV,NA,9,nu,mod66,"nu varies by morph, C by morph + tree"
6,0.009333703,0.005967916,2.95e-5,0.005414311,0.011475258,0.002745637,0.025032283,nu_bar_S[5],isolate,SNPV,NA,10,nu,mod66,"nu varies by morph, C by morph + tree"
6,3.461773629,0.860858994,0.004227648,2.916851945,4.10236387,1.560516156,4.853263568,"C_M[2,2]",isolate,MNPV,GR,2,C,mod65,"nu varies by morph, C by morph + tree"
6,3.480850517,0.920223597,0.004470959,2.915696994,4.176623395,1.369087205,4.883524201,"C_M[3,2]",isolate,MNPV,GR,3,C,mod65,"nu varies by morph, C by morph + tree"
6,2.951365822,1.016639737,0.004925002,2.27275179,3.695433482,0.78704302,4.739361321,"C_S[2,1]",isolate,SNPV,DO,7,C,mod66,"nu varies by morph, C by morph + tree"
6,3.036568743,1.01633372,0.004937036,2.36467915,3.791677445,0.839764512,4.776041529,"C_S[3,1]",isolate,SNPV,DO,8,C,mod66,"nu varies by morph, C by morph + tree"
6,3.182356469,0.982240326,0.005257617,2.56688121,3.914878748,0.958708738,4.781147445,"C_S[4,2]",isolate,SNPV,GR,9,C,mod76,"nu varies by morph, C by morph + tree"
6,3.645242334,0.842326548,0.004276728,3.131109645,4.287864629,1.712733266,4.902882965,"C_S[5,2]",isolate,SNPV,GR,10,C,mod76,"nu varies by morph, C by morph + tree"
6,3.483883728,0.924086621,0.004320186,2.918711543,4.190218675,1.349998971,4.8825875,"C_S[1,2]",isolate,SNPV,GR,6,C,mod66,"nu varies by morph, C by morph + tree"
6,3.050220461,0.987979242,0.005182632,2.417781644,3.778503392,0.87136902,4.726588143,"C_M[5,2]",isolate,MNPV,GR,5,C,mod65,"nu varies by morph, C by morph + tree"
6,3.330420464,0.660255422,0.003746873,2.900509714,3.804665857,1.938480232,4.490049981,muC_M[2],grand,MNPV,GR,NA,C,mod66,"nu varies by morph, C by morph + tree"
6,3.103546679,0.923767517,0.004586218,2.498291838,3.773248624,1.145030637,4.743531977,"C_S[4,1]",isolate,SNPV,DO,9,C,mod66,"nu varies by morph, C by morph + tree"
6,0.008101946,0.003942268,1.98e-5,0.005389961,0.010351029,0.001426922,0.017183522,mu_M,grand,MNPV,NA,NA,nu,mod66,"nu varies by morph, C by morph + tree"
6,2.485100128,0.689357969,0.00399337,2.013213763,2.955822457,1.150249483,3.846110525,muC_M[1],grand,MNPV,DO,NA,C,mod66,"nu varies by morph, C by morph + tree"
6,2.87651186,1.019282435,0.005306013,2.192058448,3.614707786,0.728990703,4.702977874,"C_S[1,1]",isolate,SNPV,DO,6,C,mod76,"nu varies by morph, C by morph + tree"
6,3.388609168,0.958180794,0.004500189,2.799871329,4.115438395,1.193981157,4.862080274,"C_S[3,2]",isolate,SNPV,GR,8,C,mod66,"nu varies by morph, C by morph + tree"
6,2.609163031,0.951705153,0.004698264,1.968043404,3.27272512,0.661150908,4.419383258,"C_S[5,1]",isolate,SNPV,DO,10,C,mod66,"nu varies by morph, C by morph + tree"
6,3.101398664,0.928564523,0.005059275,2.495835104,3.772131343,1.113953625,4.746292036,"C_S[4,1]",isolate,SNPV,DO,9,C,mod76,"nu varies by morph, C by morph + tree"
6,3.504035436,0.930448177,0.004375035,2.935202027,4.217101304,1.343739063,4.888162368,"C_S[2,2]",isolate,SNPV,GR,7,C,mod66,"nu varies by morph, C by morph + tree"
6,2.616274963,0.954960956,0.005262352,1.973552232,3.281494588,0.651043348,4.436264705,"C_S[5,1]",isolate,SNPV,DO,10,C,mod76,"nu varies by morph, C by morph + tree"
6,3.189587353,0.974465332,0.004805433,2.568170997,3.915997664,1.013692569,4.787623999,"C_S[4,2]",isolate,SNPV,GR,9,C,mod66,"nu varies by morph, C by morph + tree"
6,3.649677231,0.837386592,0.004049033,3.134578113,4.291514845,1.737660056,4.90234764,"C_S[5,2]",isolate,SNPV,GR,10,C,mod66,"nu varies by morph, C by morph + tree"
6,2.959106301,1.013026403,0.005237704,2.286819488,3.700857079,0.80044383,4.734922214,"C_S[2,1]",isolate,SNPV,DO,7,C,mod76,"nu varies by morph, C by morph + tree"
6,3.043017128,1.015375172,0.005268756,2.366030046,3.791727655,0.873888109,4.798936011,"C_S[3,1]",isolate,SNPV,DO,8,C,mod76,"nu varies by morph, C by morph + tree"
7,0.002104661,0.002878999,1.41e-5,4.06e-4,0.002668165,3.38e-5,0.009878661,"nu_bar_S[2,2]",isolate,SNPV,GR,7,nu,mod37,"nu varies by morph + tree, C by morph"
7,0.004874605,0.003552311,2.21e-5,0.00231692,0.006536812,3.87e-4,0.013886521,mu_S[2],grand,SNPV,GR,NA,nu,mod37,"nu varies by morph + tree, C by morph"
7,3.554730822,0.77453553,0.005196189,3.066284491,4.126192522,1.859235754,4.83631455,C_S[5],isolate,SNPV,NA,10,C,mod37,"nu varies by morph + tree, C by morph"
7,0.01060271,0.005504365,3.2e-5,0.006609312,0.013934656,0.001543578,0.022890797,mu_S[1],grand,SNPV,DO,NA,nu,mod37,"nu varies by morph + tree, C by morph"
7,0.021860056,0.014346101,8.53e-5,0.012088543,0.027318289,0.005510109,0.061638821,"nu_bar_S[5,1]",isolate,SNPV,DO,10,nu,mod57,"nu varies by morph + tree, C by morph"
7,3.712141043,0.564024742,0.004258066,3.357943538,4.119843785,2.481145519,4.657282041,muC_S,grand,SNPV,NA,NA,C,mod37,"nu varies by morph + tree, C by morph"
7,3.836434489,0.750732582,0.003801503,3.3957872,4.407030431,2.090453599,4.921678639,C_S[1],isolate,SNPV,NA,6,C,mod57,"nu varies by morph + tree, C by morph"
7,0.00378036,0.004779223,2.47e-5,8.45e-4,0.004909797,7.07e-5,0.016520498,"nu_bar_S[1,2]",isolate,SNPV,GR,6,nu,mod37,"nu varies by morph + tree, C by morph"
7,0.015597981,0.011576756,6.29e-5,0.007848591,0.019815795,0.00289587,0.046389238,"nu_bar_S[4,1]",isolate,SNPV,DO,9,nu,mod57,"nu varies by morph + tree, C by morph"
7,3.941313534,0.723454079,0.003525496,3.532999499,4.493216424,2.230195264,4.938261293,C_S[3],isolate,SNPV,NA,8,C,mod67,"nu varies by morph + tree, C by morph"
7,0.021696249,0.014188663,1.01e-4,0.012031247,0.027064746,0.00546571,0.060955622,"nu_bar_S[5,1]",isolate,SNPV,DO,10,nu,mod37,"nu varies by morph + tree, C by morph"
7,0.012239272,0.010363927,6.14e-5,0.005227102,0.016009514,0.001381865,0.039897073,"nu_bar_S[1,1]",isolate,SNPV,DO,6,nu,mod37,"nu varies by morph + tree, C by morph"
7,3.946215904,0.711408778,0.004429495,3.530962072,4.490303414,2.278977886,4.938422283,C_S[2],isolate,SNPV,NA,7,C,mod37,"nu varies by morph + tree, C by morph"
7,3.943011071,0.72045174,0.004737896,3.537324981,4.489571579,2.235502157,4.937859169,C_S[3],isolate,SNPV,NA,8,C,mod37,"nu varies by morph + tree, C by morph"
7,3.717455448,0.739015237,0.004932785,3.263359195,4.270359382,2.056309353,4.880248003,C_S[4],isolate,SNPV,NA,9,C,mod37,"nu varies by morph + tree, C by morph"
7,0.011744473,0.009846467,4.76e-5,0.005108256,0.015349922,0.001385401,0.037550169,"nu_bar_S[2,1]",isolate,SNPV,DO,7,nu,mod57,"nu varies by morph + tree, C by morph"
7,0.010152283,0.009645678,4.44e-5,0.003548368,0.013604518,6.61e-4,0.035642225,"nu_bar_S[3,1]",isolate,SNPV,DO,8,nu,mod57,"nu varies by morph + tree, C by morph"
7,0.017358215,0.012496907,8.64e-5,0.00905345,0.021798807,0.00348672,0.052094174,"nu_bar_M[2,1]",isolate,MNPV,DO,2,nu,mod73,"nu varies by morph + tree, C by morph"
7,0.014209998,0.011432452,7.29e-5,0.006402688,0.018524348,0.001693791,0.044065767,"nu_bar_M[3,1]",isolate,MNPV,DO,3,nu,mod73,"nu varies by morph + tree, C by morph"
7,3.707338776,0.741835454,0.003774184,3.256473991,4.257124999,2.048756512,4.871857484,C_S[4],isolate,SNPV,NA,9,C,mod67,"nu varies by morph + tree, C by morph"
7,3.94649611,0.71404465,0.003616533,3.534951703,4.491524881,2.259580023,4.938046017,C_S[2],isolate,SNPV,NA,7,C,mod57,"nu varies by morph + tree, C by morph"
7,0.011594865,0.00969368,5.74e-5,0.005053951,0.015103739,0.001349264,0.036994097,"nu_bar_S[2,1]",isolate,SNPV,DO,7,nu,mod37,"nu varies by morph + tree, C by morph"
7,0.010133018,0.009557287,5.51e-5,0.003614367,0.013591117,6.99e-4,0.035169861,"nu_bar_S[3,1]",isolate,SNPV,DO,8,nu,mod37,"nu varies by morph + tree, C by morph"
7,0.015558878,0.011408573,7.38e-5,0.00784882,0.019768977,0.002842023,0.04624809,"nu_bar_S[4,1]",isolate,SNPV,DO,9,nu,mod37,"nu varies by morph + tree, C by morph"
7,3.839699547,0.749128757,0.004944982,3.396699122,4.407121636,2.102325996,4.92613256,C_S[1],isolate,SNPV,NA,6,C,mod37,"nu varies by morph + tree, C by morph"
7,0.004876149,0.003499434,1.76e-5,0.00236185,0.006526734,4.47e-4,0.013890135,mu_S[2],grand,SNPV,GR,NA,nu,mod57,"nu varies by morph + tree, C by morph"
7,3.712982351,0.567073628,0.003359142,3.357152052,4.122200475,2.467019761,4.676209166,muC_S,grand,SNPV,NA,NA,C,mod57,"nu varies by morph + tree, C by morph"
7,0.012280865,0.010377326,4.96e-5,0.00524966,0.016015965,0.001388489,0.040058194,"nu_bar_S[1,1]",isolate,SNPV,DO,6,nu,mod57,"nu varies by morph + tree, C by morph"
7,3.247670962,0.628928882,0.00524688,2.83557331,3.695185859,1.928866275,4.38701484,muC_M,grand,MNPV,NA,NA,C,mod73,"nu varies by morph + tree, C by morph"
7,0.015659326,0.012338911,8.92e-5,0.0074129,0.020019847,0.002424987,0.048675883,"nu_bar_M[1,1]",isolate,MNPV,DO,1,nu,mod73,"nu varies by morph + tree, C by morph"
7,3.83807105,0.75806165,0.003688772,3.397805088,4.412924547,2.063804658,4.923892141,C_S[1],isolate,SNPV,NA,6,C,mod67,"nu varies by morph + tree, C by morph"
7,3.943788439,0.718819897,0.003537256,3.532009402,4.492571058,2.246850051,4.94102044,C_S[2],isolate,SNPV,NA,7,C,mod67,"nu varies by morph + tree, C by morph"
7,0.025982752,0.016149355,1.31e-4,0.01474929,0.032388893,0.007117765,0.071352678,"nu_bar_M[4,1]",isolate,MNPV,DO,4,nu,mod73,"nu varies by morph + tree, C by morph"
7,3.54838766,0.77950827,0.003983335,3.054476008,4.123837201,1.84429097,4.829342528,C_S[5],isolate,SNPV,NA,10,C,mod67,"nu varies by morph + tree, C by morph"
7,0.003747015,0.004655575,1.84e-5,8.49e-4,0.004863418,6.82e-5,0.016354908,"nu_bar_S[1,2]",isolate,SNPV,GR,6,nu,mod67,"nu varies by morph + tree, C by morph"
7,0.002096409,0.002824848,1.06e-5,4.11e-4,0.002658477,3.47e-5,0.00985023,"nu_bar_S[2,2]",isolate,SNPV,GR,7,nu,mod67,"nu varies by morph + tree, C by morph"
7,0.005090493,0.005882805,2.4e-5,0.001354601,0.006665368,1.2e-4,0.020974002,"nu_bar_S[3,2]",isolate,SNPV,GR,8,nu,mod67,"nu varies by morph + tree, C by morph"
7,0.010574763,0.00552114,2.65e-5,0.006593379,0.013920494,0.001447354,0.02300986,mu_S[1],grand,SNPV,DO,NA,nu,mod57,"nu varies by morph + tree, C by morph"
7,0.00526036,0.00508655,2.16e-5,0.002053405,0.006715573,4.87e-4,0.018850814,"nu_bar_S[5,2]",isolate,SNPV,GR,10,nu,mod67,"nu varies by morph + tree, C by morph"
7,0.012616926,0.006102389,3.69e-5,0.008329398,0.016459217,0.001764755,0.025917463,mu_M[1],grand,MNPV,DO,NA,nu,mod73,"nu varies by morph + tree, C by morph"
7,0.007349146,0.004084759,2.71e-5,0.004435797,0.009567241,0.001099415,0.017044015,mu_M[2],grand,MNPV,GR,NA,nu,mod73,"nu varies by morph + tree, C by morph"
7,3.250899505,0.755599765,0.004377913,2.748694068,3.77985679,1.730716077,4.671420347,C_M[4],isolate,MNPV,NA,4,C,mod75,"nu varies by morph + tree, C by morph"
7,2.916215,0.893492822,0.005466067,2.344574211,3.545664121,0.998523963,4.535518561,C_M[5],isolate,MNPV,NA,5,C,mod75,"nu varies by morph + tree, C by morph"
7,0.00765996,0.005947302,2.84e-5,0.003689149,0.009823314,0.001163204,0.023309905,"nu_bar_M[1,2]",isolate,MNPV,GR,1,nu,mod75,"nu varies by morph + tree, C by morph"
7,0.010366505,0.007518931,4e-5,0.005416512,0.013042809,0.002128729,0.030033083,"nu_bar_M[2,2]",isolate,MNPV,GR,2,nu,mod75,"nu varies by morph + tree, C by morph"
7,3.25685581,0.624373882,0.004111952,2.846414301,3.697043286,1.95846061,4.389309316,muC_M,grand,MNPV,NA,NA,C,mod75,"nu varies by morph + tree, C by morph"
7,0.020251362,0.013400562,1.07e-4,0.011305063,0.025066663,0.005308507,0.057555491,"nu_bar_M[5,1]",isolate,MNPV,DO,5,nu,mod73,"nu varies by morph + tree, C by morph"
7,3.337567926,0.88627559,0.006455337,2.783180067,3.989785913,1.387103885,4.821127131,C_M[1],isolate,MNPV,NA,1,C,mod73,"nu varies by morph + tree, C by morph"
7,3.22059026,0.892389966,0.00657487,2.660782329,3.866768212,1.231548446,4.742747691,C_M[2],isolate,MNPV,NA,2,C,mod73,"nu varies by morph + tree, C by morph"
7,3.689521225,0.80996056,0.005962048,3.179604978,4.311588901,1.872909234,4.911896323,C_M[3],isolate,MNPV,NA,3,C,mod73,"nu varies by morph + tree, C by morph"
7,0.008489912,0.0071524,3.48e-5,0.003928894,0.010655757,0.001435301,0.02768582,"nu_bar_S[4,2]",isolate,SNPV,GR,9,nu,mod67,"nu varies by morph + tree, C by morph"
7,3.345036971,0.876661541,0.005090287,2.797129161,3.986395258,1.416921359,4.805810277,C_M[1],isolate,MNPV,NA,1,C,mod75,"nu varies by morph + tree, C by morph"
7,3.228464828,0.889514166,0.005208864,2.673149551,3.870551229,1.253947624,4.754823756,C_M[2],isolate,MNPV,NA,2,C,mod75,"nu varies by morph + tree, C by morph"
7,3.692263169,0.80565774,0.004537263,3.181875172,4.317845032,1.902610586,4.912277273,C_M[3],isolate,MNPV,NA,3,C,mod75,"nu varies by morph + tree, C by morph"
7,0.010352088,0.007546116,5.02e-5,0.00542048,0.013032496,0.002136835,0.029921704,"nu_bar_M[2,2]",isolate,MNPV,GR,2,nu,mod73,"nu varies by morph + tree, C by morph"
7,0.00490848,0.004924494,2.81e-5,0.001639204,0.006523712,3.37e-4,0.017961049,"nu_bar_M[3,2]",isolate,MNPV,GR,3,nu,mod73,"nu varies by morph + tree, C by morph"
7,0.007262159,0.005905324,3.55e-5,0.003364075,0.009381616,0.00101798,0.022223571,"nu_bar_M[4,2]",isolate,MNPV,GR,4,nu,mod73,"nu varies by morph + tree, C by morph"
7,0.010971076,0.007192723,5.16e-5,0.006347134,0.013484704,0.00301927,0.029521646,"nu_bar_M[5,2]",isolate,MNPV,GR,5,nu,mod73,"nu varies by morph + tree, C by morph"
7,0.004889001,0.005008278,2.28e-5,0.001621269,0.006477832,3.26e-4,0.017879297,"nu_bar_M[3,2]",isolate,MNPV,GR,3,nu,mod75,"nu varies by morph + tree, C by morph"
7,0.01570826,0.012213807,6.68e-5,0.007448581,0.020159325,0.002423457,0.049202159,"nu_bar_M[1,1]",isolate,MNPV,DO,1,nu,mod75,"nu varies by morph + tree, C by morph"
7,0.017460377,0.012591996,7.01e-5,0.009055776,0.021910397,0.003400009,0.051612718,"nu_bar_M[2,1]",isolate,MNPV,DO,2,nu,mod75,"nu varies by morph + tree, C by morph"
7,0.01425624,0.0114231,5.82e-5,0.006391265,0.018670802,0.001727036,0.044726309,"nu_bar_M[3,1]",isolate,MNPV,DO,3,nu,mod75,"nu varies by morph + tree, C by morph"
7,0.026051435,0.016210091,1.09e-4,0.014803264,0.032330929,0.007161143,0.07128935,"nu_bar_M[4,1]",isolate,MNPV,DO,4,nu,mod75,"nu varies by morph + tree, C by morph"
7,0.020300284,0.013403975,8.48e-5,0.011325732,0.025106391,0.005294093,0.05748256,"nu_bar_M[5,1]",isolate,MNPV,DO,5,nu,mod75,"nu varies by morph + tree, C by morph"
7,3.241261171,0.759321123,0.00551132,2.73819691,3.770178553,1.707553116,4.665361608,C_M[4],isolate,MNPV,NA,4,C,mod73,"nu varies by morph + tree, C by morph"
7,2.908782331,0.899108667,0.006903257,2.336623337,3.541954327,0.947777724,4.532416455,C_M[5],isolate,MNPV,NA,5,C,mod73,"nu varies by morph + tree, C by morph"
7,0.007634781,0.005941183,3.52e-5,0.003695645,0.009755976,0.00117713,0.023264532,"nu_bar_M[1,2]",isolate,MNPV,GR,1,nu,mod73,"nu varies by morph + tree, C by morph"
7,0.010077461,0.009430721,4.07e-5,0.003597118,0.013552319,6.77e-4,0.034884422,"nu_bar_S[3,1]",isolate,SNPV,DO,8,nu,mod67,"nu varies by morph + tree, C by morph"
7,0.015522539,0.011390253,5.89e-5,0.007866096,0.019685933,0.002880002,0.046130476,"nu_bar_S[4,1]",isolate,SNPV,DO,9,nu,mod67,"nu varies by morph + tree, C by morph"
7,0.021705062,0.01423052,8.29e-5,0.011992839,0.027101922,0.005520458,0.060815972,"nu_bar_S[5,1]",isolate,SNPV,DO,10,nu,mod67,"nu varies by morph + tree, C by morph"
7,0.012621219,0.006096239,2.96e-5,0.008278949,0.016428498,0.001841429,0.025855197,mu_M[1],grand,MNPV,DO,NA,nu,mod75,"nu varies by morph + tree, C by morph"
7,0.007319161,0.004125502,2.26e-5,0.004385652,0.00958139,9.12e-4,0.017154696,mu_M[2],grand,MNPV,GR,NA,nu,mod75,"nu varies by morph + tree, C by morph"
7,0.007314229,0.005840368,2.79e-5,0.003409983,0.00946931,0.001024163,0.022538355,"nu_bar_M[4,2]",isolate,MNPV,GR,4,nu,mod75,"nu varies by morph + tree, C by morph"
7,0.010898351,0.007054004,3.89e-5,0.006320849,0.013339506,0.003050635,0.029163379,"nu_bar_M[5,2]",isolate,MNPV,GR,5,nu,mod75,"nu varies by morph + tree, C by morph"
7,0.00513682,0.006047334,3.36e-5,0.001359791,0.006714157,1.15e-4,0.021144687,"nu_bar_S[3,2]",isolate,SNPV,GR,8,nu,mod37,"nu varies by morph + tree, C by morph"
7,0.008564866,0.007292067,4.57e-5,0.003923796,0.010770798,0.001401901,0.027807353,"nu_bar_S[4,2]",isolate,SNPV,GR,9,nu,mod37,"nu varies by morph + tree, C by morph"
7,0.005294089,0.005221202,3.01e-5,0.002038141,0.006768424,4.67e-4,0.018936625,"nu_bar_S[5,2]",isolate,SNPV,GR,10,nu,mod37,"nu varies by morph + tree, C by morph"
7,0.014312921,0.01140898,5.61e-5,0.006430192,0.018756435,0.001691791,0.044443057,"nu_bar_M[3,1]",isolate,MNPV,DO,3,nu,mod76,"nu varies by morph + tree, C by morph"
7,0.026104593,0.016162682,1.05e-4,0.014877369,0.032554366,0.007164315,0.071600892,"nu_bar_M[4,1]",isolate,MNPV,DO,4,nu,mod76,"nu varies by morph + tree, C by morph"
7,0.020338925,0.0133534,8.11e-5,0.01134218,0.025181789,0.005337888,0.057373419,"nu_bar_M[5,1]",isolate,MNPV,DO,5,nu,mod76,"nu varies by morph + tree, C by morph"
7,3.353198445,0.87963395,0.004966437,2.802299446,3.995730778,1.402204796,4.816085286,C_M[1],isolate,MNPV,NA,1,C,mod76,"nu varies by morph + tree, C by morph"
7,3.235786956,0.890356403,0.005136576,2.680320215,3.87308175,1.258152067,4.754440126,C_M[2],isolate,MNPV,NA,2,C,mod76,"nu varies by morph + tree, C by morph"
7,3.698370487,0.800209811,0.004345375,3.194191645,4.3176075,1.909050338,4.912738791,C_M[3],isolate,MNPV,NA,3,C,mod76,"nu varies by morph + tree, C by morph"
7,3.250741278,0.755692117,0.004351881,2.746737649,3.784672878,1.716146708,4.666061777,C_M[4],isolate,MNPV,NA,4,C,mod76,"nu varies by morph + tree, C by morph"
7,2.923648812,0.893506275,0.005209203,2.353927455,3.551304181,1.003388078,4.54230281,C_M[5],isolate,MNPV,NA,5,C,mod76,"nu varies by morph + tree, C by morph"
7,0.012717809,0.006089621,2.91e-5,0.008432658,0.016522537,0.001885704,0.025900377,mu_M[1],grand,MNPV,DO,NA,nu,mod76,"nu varies by morph + tree, C by morph"
7,0.007403482,0.004114128,2.22e-5,0.004470008,0.009682012,0.001074756,0.017162233,mu_M[2],grand,MNPV,GR,NA,nu,mod76,"nu varies by morph + tree, C by morph"
7,3.260481969,0.625809227,0.004042254,2.850036877,3.703416049,1.953867355,4.391063405,muC_M,grand,MNPV,NA,NA,C,mod76,"nu varies by morph + tree, C by morph"
7,0.015854162,0.012468906,6.85e-5,0.007501641,0.020223771,0.002413543,0.050185085,"nu_bar_M[1,1]",isolate,MNPV,DO,1,nu,mod76,"nu varies by morph + tree, C by morph"
7,0.017539735,0.012509114,7.07e-5,0.009167324,0.022051831,0.003491696,0.051858516,"nu_bar_M[2,1]",isolate,MNPV,DO,2,nu,mod76,"nu varies by morph + tree, C by morph"
7,3.940315093,0.723658782,0.003661928,3.522961709,4.496137418,2.251955704,4.939589412,C_S[3],isolate,SNPV,NA,8,C,mod57,"nu varies by morph + tree, C by morph"
7,3.714030082,0.742756634,0.003993738,3.263058107,4.265544084,2.056697776,4.884976249,C_S[4],isolate,SNPV,NA,9,C,mod57,"nu varies by morph + tree, C by morph"
7,3.551338066,0.778898463,0.004055266,3.054403904,4.127203303,1.845169419,4.83135895,C_S[5],isolate,SNPV,NA,10,C,mod57,"nu varies by morph + tree, C by morph"
7,0.003781074,0.004751789,1.99e-5,8.58e-4,0.004932758,6.76e-5,0.016439417,"nu_bar_S[1,2]",isolate,SNPV,GR,6,nu,mod57,"nu varies by morph + tree, C by morph"
7,0.002101305,0.002835185,1.11e-5,4.13e-4,0.002673897,3.31e-5,0.009820481,"nu_bar_S[2,2]",isolate,SNPV,GR,7,nu,mod57,"nu varies by morph + tree, C by morph"
7,0.005107455,0.005925113,2.58e-5,0.001377477,0.006659716,1.24e-4,0.020902976,"nu_bar_S[3,2]",isolate,SNPV,GR,8,nu,mod57,"nu varies by morph + tree, C by morph"
7,0.008542452,0.007329627,3.92e-5,0.003922587,0.010725155,0.001427077,0.027707742,"nu_bar_S[4,2]",isolate,SNPV,GR,9,nu,mod57,"nu varies by morph + tree, C by morph"
7,0.005291167,0.005251516,2.58e-5,0.002042732,0.006767643,4.68e-4,0.019030723,"nu_bar_S[5,2]",isolate,SNPV,GR,10,nu,mod57,"nu varies by morph + tree, C by morph"
7,0.007660678,0.006019765,2.85e-5,0.0036836,0.009831238,0.001167562,0.02314553,"nu_bar_M[1,2]",isolate,MNPV,GR,1,nu,mod76,"nu varies by morph + tree, C by morph"
7,0.010476301,0.007657478,4.11e-5,0.005467933,0.013166569,0.002122754,0.030377066,"nu_bar_M[2,2]",isolate,MNPV,GR,2,nu,mod76,"nu varies by morph + tree, C by morph"
7,0.004892918,0.004952473,2.14e-5,0.001615426,0.006500549,3.39e-4,0.018018545,"nu_bar_M[3,2]",isolate,MNPV,GR,3,nu,mod76,"nu varies by morph + tree, C by morph"
7,0.007331142,0.005997592,2.98e-5,0.003420951,0.009373612,0.001016381,0.022521528,"nu_bar_M[4,2]",isolate,MNPV,GR,4,nu,mod76,"nu varies by morph + tree, C by morph"
7,0.01098159,0.00711669,3.88e-5,0.006367318,0.013501951,0.003023785,0.029176083,"nu_bar_M[5,2]",isolate,MNPV,GR,5,nu,mod76,"nu varies by morph + tree, C by morph"
7,0.010502108,0.005515534,2.61e-5,0.006525335,0.013817988,0.001386372,0.022960003,mu_S[1],grand,SNPV,DO,NA,nu,mod67,"nu varies by morph + tree, C by morph"
7,0.004868227,0.003505886,1.66e-5,0.002358336,0.006503919,4.24e-4,0.013897623,mu_S[2],grand,SNPV,GR,NA,nu,mod67,"nu varies by morph + tree, C by morph"
7,3.706313261,0.568081993,0.003207461,3.353866568,4.117761259,2.458608162,4.659643171,muC_S,grand,SNPV,NA,NA,C,mod67,"nu varies by morph + tree, C by morph"
7,0.012200779,0.010289274,4.77e-5,0.0052294,0.015930904,0.001353207,0.039453693,"nu_bar_S[1,1]",isolate,SNPV,DO,6,nu,mod67,"nu varies by morph + tree, C by morph"
7,0.011646362,0.009754218,4.49e-5,0.005064926,0.015210384,0.001364464,0.037254824,"nu_bar_S[2,1]",isolate,SNPV,DO,7,nu,mod67,"nu varies by morph + tree, C by morph"
7,0.010575885,0.005539546,2.66e-5,0.00655132,0.013936282,0.001493751,0.023009746,mu_S[1],grand,SNPV,DO,NA,nu,mod77,"nu varies by morph + tree, C by morph"
7,0.004893523,0.003557672,1.78e-5,0.002346918,0.0065703,4.05e-4,0.014011196,mu_S[2],grand,SNPV,GR,NA,nu,mod77,"nu varies by morph + tree, C by morph"
7,3.720129217,0.561773629,0.003529716,3.369490388,4.124177598,2.492436162,4.67456189,muC_S,grand,SNPV,NA,NA,C,mod77,"nu varies by morph + tree, C by morph"
7,0.012314457,0.010480638,5.2e-5,0.005280821,0.016037246,0.00137497,0.040109265,"nu_bar_S[1,1]",isolate,SNPV,DO,6,nu,mod77,"nu varies by morph + tree, C by morph"
7,0.011750684,0.009829617,4.8e-5,0.005101146,0.015356999,0.001373785,0.037597028,"nu_bar_S[2,1]",isolate,SNPV,DO,7,nu,mod77,"nu varies by morph + tree, C by morph"
7,0.010148051,0.009662677,4.55e-5,0.003543588,0.013622905,6.5e-4,0.03534976,"nu_bar_S[3,1]",isolate,SNPV,DO,8,nu,mod77,"nu varies by morph + tree, C by morph"
7,0.015685063,0.01164005,6.5e-5,0.007848402,0.019978995,0.002916258,0.046513101,"nu_bar_S[4,1]",isolate,SNPV,DO,9,nu,mod77,"nu varies by morph + tree, C by morph"
7,0.021961536,0.014522083,9.12e-5,0.012074743,0.02736716,0.005468068,0.062393017,"nu_bar_S[5,1]",isolate,SNPV,DO,10,nu,mod77,"nu varies by morph + tree, C by morph"
7,3.846147003,0.75069595,0.004002952,3.408444532,4.41755906,2.089669563,4.923964607,C_S[1],isolate,SNPV,NA,6,C,mod77,"nu varies by morph + tree, C by morph"
7,3.954829645,0.715702983,0.003709018,3.541752969,4.501667825,2.283261272,4.943470647,C_S[2],isolate,SNPV,NA,7,C,mod77,"nu varies by morph + tree, C by morph"
7,3.951037271,0.716891884,0.00371613,3.537966256,4.498243185,2.266566063,4.940937204,C_S[3],isolate,SNPV,NA,8,C,mod77,"nu varies by morph + tree, C by morph"
7,3.721637868,0.741219659,0.004059018,3.268467762,4.272348956,2.06287925,4.885425217,C_S[4],isolate,SNPV,NA,9,C,mod77,"nu varies by morph + tree, C by morph"
7,3.559311576,0.779655087,0.004302592,3.06405524,4.137773322,1.861907042,4.833943061,C_S[5],isolate,SNPV,NA,10,C,mod77,"nu varies by morph + tree, C by morph"
7,0.003793878,0.004750533,2e-5,8.68e-4,0.004931501,6.68e-5,0.016477640000000002,"nu_bar_S[1,2]",isolate,SNPV,GR,6,nu,mod77,"nu varies by morph + tree, C by morph"
7,0.002112083,0.002847782,1.15e-5,4.19e-4,0.002690085,3.29e-5,0.009807472,"nu_bar_S[2,2]",isolate,SNPV,GR,7,nu,mod77,"nu varies by morph + tree, C by morph"
7,0.005115757,0.005864169,2.62e-5,0.001382743,0.006715088,1.15e-4,0.020671366,"nu_bar_S[3,2]",isolate,SNPV,GR,8,nu,mod77,"nu varies by morph + tree, C by morph"
7,0.008519668,0.00721207,3.76e-5,0.003903445,0.010735693,0.001401766,0.027321143,"nu_bar_S[4,2]",isolate,SNPV,GR,9,nu,mod77,"nu varies by morph + tree, C by morph"
7,0.005271584,0.005096646,2.38e-5,0.002016781,0.006778168,4.6e-4,0.018869148,"nu_bar_S[5,2]",isolate,SNPV,GR,10,nu,mod77,"nu varies by morph + tree, C by morph"
7,0.012606715,0.006038418,3.04e-5,0.00837078,0.016381508,0.001880255,0.025711137,mu_M[1],grand,MNPV,DO,NA,nu,mod77,"nu varies by morph + tree, C by morph"
7,0.007358995,0.004086489,2.26e-5,0.004468619,0.009584456,0.001064422,0.017164193,mu_M[2],grand,MNPV,GR,NA,nu,mod77,"nu varies by morph + tree, C by morph"
7,3.251128444,0.627230271,0.004364348,2.836804467,3.691942498,1.95137185,4.395608006,muC_M,grand,MNPV,NA,NA,C,mod77,"nu varies by morph + tree, C by morph"
7,0.015608612,0.01211369,6.68e-5,0.007424781,0.020001465,0.002428688,0.048622633,"nu_bar_M[1,1]",isolate,MNPV,DO,1,nu,mod77,"nu varies by morph + tree, C by morph"
7,0.017384216,0.012403117,7.23e-5,0.009082797,0.021870466,0.003498603,0.051212903,"nu_bar_M[2,1]",isolate,MNPV,DO,2,nu,mod77,"nu varies by morph + tree, C by morph"
7,0.014154858,0.011377881,5.89e-5,0.006325385,0.018508884,0.001705938,0.044274859,"nu_bar_M[3,1]",isolate,MNPV,DO,3,nu,mod77,"nu varies by morph + tree, C by morph"
7,0.026007739,0.016189716,1.09e-4,0.014753626,0.032422991,0.007148125,0.071358276,"nu_bar_M[4,1]",isolate,MNPV,DO,4,nu,mod77,"nu varies by morph + tree, C by morph"
7,0.020293965,0.013491811,8.87e-5,0.011285949,0.025119896,0.005265275,0.057826207,"nu_bar_M[5,1]",isolate,MNPV,DO,5,nu,mod77,"nu varies by morph + tree, C by morph"
7,3.340050529,0.876124835,0.005147094,2.79061267,3.981472912,1.403335192,4.806671673,C_M[1],isolate,MNPV,NA,1,C,mod77,"nu varies by morph + tree, C by morph"
7,3.225448051,0.890589419,0.005444234,2.667148332,3.867955747,1.244645629,4.752098475,C_M[2],isolate,MNPV,NA,2,C,mod77,"nu varies by morph + tree, C by morph"
7,3.688332631,0.806343587,0.00465723,3.182409518,4.309306224,1.890313991,4.908192307,C_M[3],isolate,MNPV,NA,3,C,mod77,"nu varies by morph + tree, C by morph"
7,3.243111127,0.761021279,0.004647713,2.731067154,3.778817361,1.712835399,4.676802614,C_M[4],isolate,MNPV,NA,4,C,mod77,"nu varies by morph + tree, C by morph"
7,2.915011145,0.891808658,0.005597374,2.348132846,3.544654207,0.991820707,4.520818657,C_M[5],isolate,MNPV,NA,5,C,mod77,"nu varies by morph + tree, C by morph"
7,0.007626013,0.005962516,2.91e-5,0.003695515,0.009739306,0.001174003,0.023052396,"nu_bar_M[1,2]",isolate,MNPV,GR,1,nu,mod77,"nu varies by morph + tree, C by morph"
7,0.010395266,0.00762247,4.23e-5,0.005424026,0.013057116,0.002106149,0.0301812,"nu_bar_M[2,2]",isolate,MNPV,GR,2,nu,mod77,"nu varies by morph + tree, C by morph"
7,0.004890895,0.004959116,2.28e-5,0.001619035,0.006497487,3.39e-4,0.017865928,"nu_bar_M[3,2]",isolate,MNPV,GR,3,nu,mod77,"nu varies by morph + tree, C by morph"
7,0.007265448,0.005854837,2.87e-5,0.00340381,0.009367632,0.001034483,0.022304499,"nu_bar_M[4,2]",isolate,MNPV,GR,4,nu,mod77,"nu varies by morph + tree, C by morph"
7,0.010970686,0.007229627,4.2e-5,0.006354949,0.013461089,0.003017136,0.029390252,"nu_bar_M[5,2]",isolate,MNPV,GR,5,nu,mod77,"nu varies by morph + tree, C by morph"
