"","xvals","yvals","num","distance","ref"
"1",-4.5,-2.59807621135332,1,0,1
"2",-4.5,-0.866025403784439,2,1.73205080756888,1
"3",-4.5,0.866025403784438,3,3.46410161513775,1
"4",-4.5,2.59807621135332,4,5.19615242270663,1
"5",-3,-3.46410161513775,5,1.73205080756888,1
"6",-3,-1.73205080756888,6,1.73205080756888,1
"7",-3,0,7,3,1
"8",-3,1.73205080756888,8,4.58257569495584,1
"9",-3,3.46410161513775,9,6.2449979983984,1
"10",-1.5,-4.33012701892219,10,3.46410161513775,1
"11",-1.5,-2.59807621135332,11,3,1
"12",-1.5,-0.866025403784438,12,3.46410161513775,1
"13",-1.5,0.866025403784439,13,4.58257569495584,1
"14",-1.5,2.59807621135332,14,6,1
"15",-1.5,4.33012701892219,15,7.54983443527075,1
"16",0,-5.19615242270663,16,5.19615242270663,1
"17",0,-3.46410161513775,17,4.58257569495584,1
"18",0,-1.73205080756888,18,4.58257569495584,1
"19",0,0,19,5.19615242270663,1
"20",0,1.73205080756888,20,6.2449979983984,1
"21",0,3.46410161513775,21,7.54983443527075,1
"22",0,5.19615242270663,22,9,1
"23",1.5,-4.33012701892219,23,6.2449979983984,1
"24",1.5,-2.59807621135332,24,6,1
"25",1.5,-0.866025403784438,25,6.2449979983984,1
"26",1.5,0.866025403784439,26,6.92820323027551,1
"27",1.5,2.59807621135332,27,7.93725393319377,1
"28",1.5,4.33012701892219,28,9.16515138991168,1
"29",3,-3.46410161513775,29,7.54983443527075,1
"30",3,-1.73205080756888,30,7.54983443527075,1
"31",3,0,31,7.93725393319377,1
"32",3,1.73205080756888,32,8.66025403784439,1
"33",3,3.46410161513775,33,9.64365076099295,1
"34",4.5,-2.59807621135332,34,9,1
"35",4.5,-0.866025403784439,35,9.16515138991168,1
"36",4.5,0.866025403784438,36,9.64365076099295,1
"37",4.5,2.59807621135332,37,10.3923048454133,1
"38",-4.5,-2.59807621135332,1,1.73205080756888,2
"39",-4.5,-0.866025403784439,2,0,2
"40",-4.5,0.866025403784438,3,1.73205080756888,2
"41",-4.5,2.59807621135332,4,3.46410161513775,2
"42",-3,-3.46410161513775,5,3,2
"43",-3,-1.73205080756888,6,1.73205080756888,2
"44",-3,0,7,1.73205080756888,2
"45",-3,1.73205080756888,8,3,2
"46",-3,3.46410161513775,9,4.58257569495584,2
"47",-1.5,-4.33012701892219,10,4.58257569495584,2
"48",-1.5,-2.59807621135332,11,3.46410161513775,2
"49",-1.5,-0.866025403784438,12,3,2
"50",-1.5,0.866025403784439,13,3.46410161513776,2
"51",-1.5,2.59807621135332,14,4.58257569495584,2
"52",-1.5,4.33012701892219,15,6,2
"53",0,-5.19615242270663,16,6.2449979983984,2
"54",0,-3.46410161513775,17,5.19615242270663,2
"55",0,-1.73205080756888,18,4.58257569495584,2
"56",0,0,19,4.58257569495584,2
"57",0,1.73205080756888,20,5.19615242270663,2
"58",0,3.46410161513775,21,6.2449979983984,2
"59",0,5.19615242270663,22,7.54983443527075,2
"60",1.5,-4.33012701892219,23,6.92820323027551,2
"61",1.5,-2.59807621135332,24,6.2449979983984,2
"62",1.5,-0.866025403784438,25,6,2
"63",1.5,0.866025403784439,26,6.2449979983984,2
"64",1.5,2.59807621135332,27,6.92820323027551,2
"65",1.5,4.33012701892219,28,7.93725393319377,2
"66",3,-3.46410161513775,29,7.93725393319377,2
"67",3,-1.73205080756888,30,7.54983443527075,2
"68",3,0,31,7.54983443527075,2
"69",3,1.73205080756888,32,7.93725393319377,2
"70",3,3.46410161513775,33,8.66025403784439,2
"71",4.5,-2.59807621135332,34,9.16515138991168,2
"72",4.5,-0.866025403784439,35,9,2
"73",4.5,0.866025403784438,36,9.16515138991168,2
"74",4.5,2.59807621135332,37,9.64365076099295,2
"75",-4.5,-2.59807621135332,1,3.46410161513775,3
"76",-4.5,-0.866025403784439,2,1.73205080756888,3
"77",-4.5,0.866025403784438,3,0,3
"78",-4.5,2.59807621135332,4,1.73205080756888,3
"79",-3,-3.46410161513775,5,4.58257569495584,3
"80",-3,-1.73205080756888,6,3,3
"81",-3,0,7,1.73205080756888,3
"82",-3,1.73205080756888,8,1.73205080756888,3
"83",-3,3.46410161513775,9,3,3
"84",-1.5,-4.33012701892219,10,6,3
"85",-1.5,-2.59807621135332,11,4.58257569495584,3
"86",-1.5,-0.866025403784438,12,3.46410161513775,3
"87",-1.5,0.866025403784439,13,3,3
"88",-1.5,2.59807621135332,14,3.46410161513775,3
"89",-1.5,4.33012701892219,15,4.58257569495584,3
"90",0,-5.19615242270663,16,7.54983443527075,3
"91",0,-3.46410161513775,17,6.2449979983984,3
"92",0,-1.73205080756888,18,5.19615242270663,3
"93",0,0,19,4.58257569495584,3
"94",0,1.73205080756888,20,4.58257569495584,3
"95",0,3.46410161513775,21,5.19615242270663,3
"96",0,5.19615242270663,22,6.2449979983984,3
"97",1.5,-4.33012701892219,23,7.93725393319377,3
"98",1.5,-2.59807621135332,24,6.92820323027551,3
"99",1.5,-0.866025403784438,25,6.2449979983984,3
"100",1.5,0.866025403784439,26,6,3
"101",1.5,2.59807621135332,27,6.2449979983984,3
"102",1.5,4.33012701892219,28,6.92820323027551,3
"103",3,-3.46410161513775,29,8.66025403784439,3
"104",3,-1.73205080756888,30,7.93725393319377,3
"105",3,0,31,7.54983443527075,3
"106",3,1.73205080756888,32,7.54983443527075,3
"107",3,3.46410161513775,33,7.93725393319377,3
"108",4.5,-2.59807621135332,34,9.64365076099295,3
"109",4.5,-0.866025403784439,35,9.16515138991168,3
"110",4.5,0.866025403784438,36,9,3
"111",4.5,2.59807621135332,37,9.16515138991168,3
"112",-4.5,-2.59807621135332,1,5.19615242270663,4
"113",-4.5,-0.866025403784439,2,3.46410161513775,4
"114",-4.5,0.866025403784438,3,1.73205080756888,4
"115",-4.5,2.59807621135332,4,0,4
"116",-3,-3.46410161513775,5,6.2449979983984,4
"117",-3,-1.73205080756888,6,4.58257569495584,4
"118",-3,0,7,3,4
"119",-3,1.73205080756888,8,1.73205080756888,4
"120",-3,3.46410161513775,9,1.73205080756888,4
"121",-1.5,-4.33012701892219,10,7.54983443527075,4
"122",-1.5,-2.59807621135332,11,6,4
"123",-1.5,-0.866025403784438,12,4.58257569495584,4
"124",-1.5,0.866025403784439,13,3.46410161513775,4
"125",-1.5,2.59807621135332,14,3,4
"126",-1.5,4.33012701892219,15,3.46410161513775,4
"127",0,-5.19615242270663,16,9,4
"128",0,-3.46410161513775,17,7.54983443527075,4
"129",0,-1.73205080756888,18,6.2449979983984,4
"130",0,0,19,5.19615242270663,4
"131",0,1.73205080756888,20,4.58257569495584,4
"132",0,3.46410161513775,21,4.58257569495584,4
"133",0,5.19615242270663,22,5.19615242270663,4
"134",1.5,-4.33012701892219,23,9.16515138991168,4
"135",1.5,-2.59807621135332,24,7.93725393319377,4
"136",1.5,-0.866025403784438,25,6.92820323027551,4
"137",1.5,0.866025403784439,26,6.2449979983984,4
"138",1.5,2.59807621135332,27,6,4
"139",1.5,4.33012701892219,28,6.2449979983984,4
"140",3,-3.46410161513775,29,9.64365076099295,4
"141",3,-1.73205080756888,30,8.66025403784439,4
"142",3,0,31,7.93725393319377,4
"143",3,1.73205080756888,32,7.54983443527075,4
"144",3,3.46410161513775,33,7.54983443527075,4
"145",4.5,-2.59807621135332,34,10.3923048454133,4
"146",4.5,-0.866025403784439,35,9.64365076099295,4
"147",4.5,0.866025403784438,36,9.16515138991168,4
"148",4.5,2.59807621135332,37,9,4
"149",-4.5,-2.59807621135332,1,1.73205080756888,5
"150",-4.5,-0.866025403784439,2,3,5
"151",-4.5,0.866025403784438,3,4.58257569495584,5
"152",-4.5,2.59807621135332,4,6.2449979983984,5
"153",-3,-3.46410161513775,5,0,5
"154",-3,-1.73205080756888,6,1.73205080756888,5
"155",-3,0,7,3.46410161513775,5
"156",-3,1.73205080756888,8,5.19615242270663,5
"157",-3,3.46410161513775,9,6.92820323027551,5
"158",-1.5,-4.33012701892219,10,1.73205080756888,5
"159",-1.5,-2.59807621135332,11,1.73205080756888,5
"160",-1.5,-0.866025403784438,12,3,5
"161",-1.5,0.866025403784439,13,4.58257569495584,5
"162",-1.5,2.59807621135332,14,6.2449979983984,5
"163",-1.5,4.33012701892219,15,7.93725393319377,5
"164",0,-5.19615242270663,16,3.46410161513775,5
"165",0,-3.46410161513775,17,3,5
"166",0,-1.73205080756888,18,3.46410161513775,5
"167",0,0,19,4.58257569495584,5
"168",0,1.73205080756888,20,6,5
"169",0,3.46410161513775,21,7.54983443527075,5
"170",0,5.19615242270663,22,9.16515138991168,5
"171",1.5,-4.33012701892219,23,4.58257569495584,5
"172",1.5,-2.59807621135332,24,4.58257569495584,5
"173",1.5,-0.866025403784438,25,5.19615242270663,5
"174",1.5,0.866025403784439,26,6.2449979983984,5
"175",1.5,2.59807621135332,27,7.54983443527075,5
"176",1.5,4.33012701892219,28,9,5
"177",3,-3.46410161513775,29,6,5
"178",3,-1.73205080756888,30,6.2449979983984,5
"179",3,0,31,6.92820323027551,5
"180",3,1.73205080756888,32,7.93725393319377,5
"181",3,3.46410161513775,33,9.16515138991168,5
"182",4.5,-2.59807621135332,34,7.54983443527075,5
"183",4.5,-0.866025403784439,35,7.93725393319377,5
"184",4.5,0.866025403784438,36,8.66025403784439,5
"185",4.5,2.59807621135332,37,9.64365076099295,5
"186",-4.5,-2.59807621135332,1,1.73205080756888,6
"187",-4.5,-0.866025403784439,2,1.73205080756888,6
"188",-4.5,0.866025403784438,3,3,6
"189",-4.5,2.59807621135332,4,4.58257569495584,6
"190",-3,-3.46410161513775,5,1.73205080756888,6
"191",-3,-1.73205080756888,6,0,6
"192",-3,0,7,1.73205080756888,6
"193",-3,1.73205080756888,8,3.46410161513775,6
"194",-3,3.46410161513775,9,5.19615242270663,6
"195",-1.5,-4.33012701892219,10,3,6
"196",-1.5,-2.59807621135332,11,1.73205080756888,6
"197",-1.5,-0.866025403784438,12,1.73205080756888,6
"198",-1.5,0.866025403784439,13,3,6
"199",-1.5,2.59807621135332,14,4.58257569495584,6
"200",-1.5,4.33012701892219,15,6.2449979983984,6
"201",0,-5.19615242270663,16,4.58257569495584,6
"202",0,-3.46410161513775,17,3.46410161513775,6
"203",0,-1.73205080756888,18,3,6
"204",0,0,19,3.46410161513775,6
"205",0,1.73205080756888,20,4.58257569495584,6
"206",0,3.46410161513775,21,6,6
"207",0,5.19615242270663,22,7.54983443527075,6
"208",1.5,-4.33012701892219,23,5.19615242270663,6
"209",1.5,-2.59807621135332,24,4.58257569495584,6
"210",1.5,-0.866025403784438,25,4.58257569495584,6
"211",1.5,0.866025403784439,26,5.19615242270663,6
"212",1.5,2.59807621135332,27,6.2449979983984,6
"213",1.5,4.33012701892219,28,7.54983443527075,6
"214",3,-3.46410161513775,29,6.2449979983984,6
"215",3,-1.73205080756888,30,6,6
"216",3,0,31,6.2449979983984,6
"217",3,1.73205080756888,32,6.92820323027551,6
"218",3,3.46410161513775,33,7.93725393319377,6
"219",4.5,-2.59807621135332,34,7.54983443527075,6
"220",4.5,-0.866025403784439,35,7.54983443527075,6
"221",4.5,0.866025403784438,36,7.93725393319377,6
"222",4.5,2.59807621135332,37,8.66025403784439,6
"223",-4.5,-2.59807621135332,1,3,7
"224",-4.5,-0.866025403784439,2,1.73205080756888,7
"225",-4.5,0.866025403784438,3,1.73205080756888,7
"226",-4.5,2.59807621135332,4,3,7
"227",-3,-3.46410161513775,5,3.46410161513775,7
"228",-3,-1.73205080756888,6,1.73205080756888,7
"229",-3,0,7,0,7
"230",-3,1.73205080756888,8,1.73205080756888,7
"231",-3,3.46410161513775,9,3.46410161513775,7
"232",-1.5,-4.33012701892219,10,4.58257569495584,7
"233",-1.5,-2.59807621135332,11,3,7
"234",-1.5,-0.866025403784438,12,1.73205080756888,7
"235",-1.5,0.866025403784439,13,1.73205080756888,7
"236",-1.5,2.59807621135332,14,3,7
"237",-1.5,4.33012701892219,15,4.58257569495584,7
"238",0,-5.19615242270663,16,6,7
"239",0,-3.46410161513775,17,4.58257569495584,7
"240",0,-1.73205080756888,18,3.46410161513775,7
"241",0,0,19,3,7
"242",0,1.73205080756888,20,3.46410161513775,7
"243",0,3.46410161513775,21,4.58257569495584,7
"244",0,5.19615242270663,22,6,7
"245",1.5,-4.33012701892219,23,6.2449979983984,7
"246",1.5,-2.59807621135332,24,5.19615242270663,7
"247",1.5,-0.866025403784438,25,4.58257569495584,7
"248",1.5,0.866025403784439,26,4.58257569495584,7
"249",1.5,2.59807621135332,27,5.19615242270663,7
"250",1.5,4.33012701892219,28,6.2449979983984,7
"251",3,-3.46410161513775,29,6.92820323027551,7
"252",3,-1.73205080756888,30,6.2449979983984,7
"253",3,0,31,6,7
"254",3,1.73205080756888,32,6.2449979983984,7
"255",3,3.46410161513775,33,6.92820323027551,7
"256",4.5,-2.59807621135332,34,7.93725393319377,7
"257",4.5,-0.866025403784439,35,7.54983443527075,7
"258",4.5,0.866025403784438,36,7.54983443527075,7
"259",4.5,2.59807621135332,37,7.93725393319377,7
"260",-4.5,-2.59807621135332,1,4.58257569495584,8
"261",-4.5,-0.866025403784439,2,3,8
"262",-4.5,0.866025403784438,3,1.73205080756888,8
"263",-4.5,2.59807621135332,4,1.73205080756888,8
"264",-3,-3.46410161513775,5,5.19615242270663,8
"265",-3,-1.73205080756888,6,3.46410161513775,8
"266",-3,0,7,1.73205080756888,8
"267",-3,1.73205080756888,8,0,8
"268",-3,3.46410161513775,9,1.73205080756888,8
"269",-1.5,-4.33012701892219,10,6.2449979983984,8
"270",-1.5,-2.59807621135332,11,4.58257569495584,8
"271",-1.5,-0.866025403784438,12,3,8
"272",-1.5,0.866025403784439,13,1.73205080756888,8
"273",-1.5,2.59807621135332,14,1.73205080756888,8
"274",-1.5,4.33012701892219,15,3,8
"275",0,-5.19615242270663,16,7.54983443527075,8
"276",0,-3.46410161513775,17,6,8
"277",0,-1.73205080756888,18,4.58257569495584,8
"278",0,0,19,3.46410161513775,8
"279",0,1.73205080756888,20,3,8
"280",0,3.46410161513775,21,3.46410161513775,8
"281",0,5.19615242270663,22,4.58257569495584,8
"282",1.5,-4.33012701892219,23,7.54983443527075,8
"283",1.5,-2.59807621135332,24,6.2449979983984,8
"284",1.5,-0.866025403784438,25,5.19615242270663,8
"285",1.5,0.866025403784439,26,4.58257569495584,8
"286",1.5,2.59807621135332,27,4.58257569495584,8
"287",1.5,4.33012701892219,28,5.19615242270663,8
"288",3,-3.46410161513775,29,7.93725393319377,8
"289",3,-1.73205080756888,30,6.92820323027551,8
"290",3,0,31,6.2449979983984,8
"291",3,1.73205080756888,32,6,8
"292",3,3.46410161513775,33,6.2449979983984,8
"293",4.5,-2.59807621135332,34,8.66025403784439,8
"294",4.5,-0.866025403784439,35,7.93725393319377,8
"295",4.5,0.866025403784438,36,7.54983443527075,8
"296",4.5,2.59807621135332,37,7.54983443527075,8
"297",-4.5,-2.59807621135332,1,6.2449979983984,9
"298",-4.5,-0.866025403784439,2,4.58257569495584,9
"299",-4.5,0.866025403784438,3,3,9
"300",-4.5,2.59807621135332,4,1.73205080756888,9
"301",-3,-3.46410161513775,5,6.92820323027551,9
"302",-3,-1.73205080756888,6,5.19615242270663,9
"303",-3,0,7,3.46410161513775,9
"304",-3,1.73205080756888,8,1.73205080756888,9
"305",-3,3.46410161513775,9,0,9
"306",-1.5,-4.33012701892219,10,7.93725393319377,9
"307",-1.5,-2.59807621135332,11,6.2449979983984,9
"308",-1.5,-0.866025403784438,12,4.58257569495584,9
"309",-1.5,0.866025403784439,13,3,9
"310",-1.5,2.59807621135332,14,1.73205080756888,9
"311",-1.5,4.33012701892219,15,1.73205080756888,9
"312",0,-5.19615242270663,16,9.16515138991168,9
"313",0,-3.46410161513775,17,7.54983443527075,9
"314",0,-1.73205080756888,18,6,9
"315",0,0,19,4.58257569495584,9
"316",0,1.73205080756888,20,3.46410161513775,9
"317",0,3.46410161513775,21,3,9
"318",0,5.19615242270663,22,3.46410161513775,9
"319",1.5,-4.33012701892219,23,9,9
"320",1.5,-2.59807621135332,24,7.54983443527075,9
"321",1.5,-0.866025403784438,25,6.2449979983984,9
"322",1.5,0.866025403784439,26,5.19615242270663,9
"323",1.5,2.59807621135332,27,4.58257569495584,9
"324",1.5,4.33012701892219,28,4.58257569495584,9
"325",3,-3.46410161513775,29,9.16515138991168,9
"326",3,-1.73205080756888,30,7.93725393319377,9
"327",3,0,31,6.92820323027551,9
"328",3,1.73205080756888,32,6.2449979983984,9
"329",3,3.46410161513775,33,6,9
"330",4.5,-2.59807621135332,34,9.64365076099295,9
"331",4.5,-0.866025403784439,35,8.66025403784439,9
"332",4.5,0.866025403784438,36,7.93725393319377,9
"333",4.5,2.59807621135332,37,7.54983443527075,9
"334",-4.5,-2.59807621135332,1,3.46410161513775,10
"335",-4.5,-0.866025403784439,2,4.58257569495584,10
"336",-4.5,0.866025403784438,3,6,10
"337",-4.5,2.59807621135332,4,7.54983443527075,10
"338",-3,-3.46410161513775,5,1.73205080756888,10
"339",-3,-1.73205080756888,6,3,10
"340",-3,0,7,4.58257569495584,10
"341",-3,1.73205080756888,8,6.2449979983984,10
"342",-3,3.46410161513775,9,7.93725393319377,10
"343",-1.5,-4.33012701892219,10,0,10
"344",-1.5,-2.59807621135332,11,1.73205080756888,10
"345",-1.5,-0.866025403784438,12,3.46410161513775,10
"346",-1.5,0.866025403784439,13,5.19615242270663,10
"347",-1.5,2.59807621135332,14,6.92820323027551,10
"348",-1.5,4.33012701892219,15,8.66025403784439,10
"349",0,-5.19615242270663,16,1.73205080756888,10
"350",0,-3.46410161513775,17,1.73205080756888,10
"351",0,-1.73205080756888,18,3,10
"352",0,0,19,4.58257569495584,10
"353",0,1.73205080756888,20,6.2449979983984,10
"354",0,3.46410161513775,21,7.93725393319377,10
"355",0,5.19615242270663,22,9.64365076099295,10
"356",1.5,-4.33012701892219,23,3,10
"357",1.5,-2.59807621135332,24,3.46410161513775,10
"358",1.5,-0.866025403784438,25,4.58257569495584,10
"359",1.5,0.866025403784439,26,6,10
"360",1.5,2.59807621135332,27,7.54983443527075,10
"361",1.5,4.33012701892219,28,9.16515138991168,10
"362",3,-3.46410161513775,29,4.58257569495584,10
"363",3,-1.73205080756888,30,5.19615242270663,10
"364",3,0,31,6.2449979983984,10
"365",3,1.73205080756888,32,7.54983443527075,10
"366",3,3.46410161513775,33,9,10
"367",4.5,-2.59807621135332,34,6.2449979983984,10
"368",4.5,-0.866025403784439,35,6.92820323027551,10
"369",4.5,0.866025403784438,36,7.93725393319377,10
"370",4.5,2.59807621135332,37,9.16515138991168,10
"371",-4.5,-2.59807621135332,1,3,11
"372",-4.5,-0.866025403784439,2,3.46410161513775,11
"373",-4.5,0.866025403784438,3,4.58257569495584,11
"374",-4.5,2.59807621135332,4,6,11
"375",-3,-3.46410161513775,5,1.73205080756888,11
"376",-3,-1.73205080756888,6,1.73205080756888,11
"377",-3,0,7,3,11
"378",-3,1.73205080756888,8,4.58257569495584,11
"379",-3,3.46410161513775,9,6.2449979983984,11
"380",-1.5,-4.33012701892219,10,1.73205080756888,11
"381",-1.5,-2.59807621135332,11,0,11
"382",-1.5,-0.866025403784438,12,1.73205080756888,11
"383",-1.5,0.866025403784439,13,3.46410161513775,11
"384",-1.5,2.59807621135332,14,5.19615242270663,11
"385",-1.5,4.33012701892219,15,6.92820323027551,11
"386",0,-5.19615242270663,16,3,11
"387",0,-3.46410161513775,17,1.73205080756888,11
"388",0,-1.73205080756888,18,1.73205080756888,11
"389",0,0,19,3,11
"390",0,1.73205080756888,20,4.58257569495584,11
"391",0,3.46410161513775,21,6.2449979983984,11
"392",0,5.19615242270663,22,7.93725393319377,11
"393",1.5,-4.33012701892219,23,3.46410161513775,11
"394",1.5,-2.59807621135332,24,3,11
"395",1.5,-0.866025403784438,25,3.46410161513775,11
"396",1.5,0.866025403784439,26,4.58257569495584,11
"397",1.5,2.59807621135332,27,6,11
"398",1.5,4.33012701892219,28,7.54983443527075,11
"399",3,-3.46410161513775,29,4.58257569495584,11
"400",3,-1.73205080756888,30,4.58257569495584,11
"401",3,0,31,5.19615242270663,11
"402",3,1.73205080756888,32,6.2449979983984,11
"403",3,3.46410161513775,33,7.54983443527075,11
"404",4.5,-2.59807621135332,34,6,11
"405",4.5,-0.866025403784439,35,6.2449979983984,11
"406",4.5,0.866025403784438,36,6.92820323027551,11
"407",4.5,2.59807621135332,37,7.93725393319377,11
"408",-4.5,-2.59807621135332,1,3.46410161513775,12
"409",-4.5,-0.866025403784439,2,3,12
"410",-4.5,0.866025403784438,3,3.46410161513775,12
"411",-4.5,2.59807621135332,4,4.58257569495584,12
"412",-3,-3.46410161513775,5,3,12
"413",-3,-1.73205080756888,6,1.73205080756888,12
"414",-3,0,7,1.73205080756888,12
"415",-3,1.73205080756888,8,3,12
"416",-3,3.46410161513775,9,4.58257569495584,12
"417",-1.5,-4.33012701892219,10,3.46410161513775,12
"418",-1.5,-2.59807621135332,11,1.73205080756888,12
"419",-1.5,-0.866025403784438,12,0,12
"420",-1.5,0.866025403784439,13,1.73205080756888,12
"421",-1.5,2.59807621135332,14,3.46410161513775,12
"422",-1.5,4.33012701892219,15,5.19615242270663,12
"423",0,-5.19615242270663,16,4.58257569495584,12
"424",0,-3.46410161513775,17,3,12
"425",0,-1.73205080756888,18,1.73205080756888,12
"426",0,0,19,1.73205080756888,12
"427",0,1.73205080756888,20,3,12
"428",0,3.46410161513775,21,4.58257569495584,12
"429",0,5.19615242270663,22,6.2449979983984,12
"430",1.5,-4.33012701892219,23,4.58257569495584,12
"431",1.5,-2.59807621135332,24,3.46410161513775,12
"432",1.5,-0.866025403784438,25,3,12
"433",1.5,0.866025403784439,26,3.46410161513775,12
"434",1.5,2.59807621135332,27,4.58257569495584,12
"435",1.5,4.33012701892219,28,6,12
"436",3,-3.46410161513775,29,5.19615242270663,12
"437",3,-1.73205080756888,30,4.58257569495584,12
"438",3,0,31,4.58257569495584,12
"439",3,1.73205080756888,32,5.19615242270663,12
"440",3,3.46410161513775,33,6.2449979983984,12
"441",4.5,-2.59807621135332,34,6.2449979983984,12
"442",4.5,-0.866025403784439,35,6,12
"443",4.5,0.866025403784438,36,6.2449979983984,12
"444",4.5,2.59807621135332,37,6.92820323027551,12
"445",-4.5,-2.59807621135332,1,4.58257569495584,13
"446",-4.5,-0.866025403784439,2,3.46410161513776,13
"447",-4.5,0.866025403784438,3,3,13
"448",-4.5,2.59807621135332,4,3.46410161513775,13
"449",-3,-3.46410161513775,5,4.58257569495584,13
"450",-3,-1.73205080756888,6,3,13
"451",-3,0,7,1.73205080756888,13
"452",-3,1.73205080756888,8,1.73205080756888,13
"453",-3,3.46410161513775,9,3,13
"454",-1.5,-4.33012701892219,10,5.19615242270663,13
"455",-1.5,-2.59807621135332,11,3.46410161513775,13
"456",-1.5,-0.866025403784438,12,1.73205080756888,13
"457",-1.5,0.866025403784439,13,0,13
"458",-1.5,2.59807621135332,14,1.73205080756888,13
"459",-1.5,4.33012701892219,15,3.46410161513775,13
"460",0,-5.19615242270663,16,6.2449979983984,13
"461",0,-3.46410161513775,17,4.58257569495584,13
"462",0,-1.73205080756888,18,3,13
"463",0,0,19,1.73205080756888,13
"464",0,1.73205080756888,20,1.73205080756888,13
"465",0,3.46410161513775,21,3,13
"466",0,5.19615242270663,22,4.58257569495584,13
"467",1.5,-4.33012701892219,23,6,13
"468",1.5,-2.59807621135332,24,4.58257569495584,13
"469",1.5,-0.866025403784438,25,3.46410161513775,13
"470",1.5,0.866025403784439,26,3,13
"471",1.5,2.59807621135332,27,3.46410161513775,13
"472",1.5,4.33012701892219,28,4.58257569495584,13
"473",3,-3.46410161513775,29,6.2449979983984,13
"474",3,-1.73205080756888,30,5.19615242270663,13
"475",3,0,31,4.58257569495584,13
"476",3,1.73205080756888,32,4.58257569495584,13
"477",3,3.46410161513775,33,5.19615242270663,13
"478",4.5,-2.59807621135332,34,6.92820323027551,13
"479",4.5,-0.866025403784439,35,6.2449979983984,13
"480",4.5,0.866025403784438,36,6,13
"481",4.5,2.59807621135332,37,6.2449979983984,13
"482",-4.5,-2.59807621135332,1,6,14
"483",-4.5,-0.866025403784439,2,4.58257569495584,14
"484",-4.5,0.866025403784438,3,3.46410161513775,14
"485",-4.5,2.59807621135332,4,3,14
"486",-3,-3.46410161513775,5,6.2449979983984,14
"487",-3,-1.73205080756888,6,4.58257569495584,14
"488",-3,0,7,3,14
"489",-3,1.73205080756888,8,1.73205080756888,14
"490",-3,3.46410161513775,9,1.73205080756888,14
"491",-1.5,-4.33012701892219,10,6.92820323027551,14
"492",-1.5,-2.59807621135332,11,5.19615242270663,14
"493",-1.5,-0.866025403784438,12,3.46410161513775,14
"494",-1.5,0.866025403784439,13,1.73205080756888,14
"495",-1.5,2.59807621135332,14,0,14
"496",-1.5,4.33012701892219,15,1.73205080756888,14
"497",0,-5.19615242270663,16,7.93725393319377,14
"498",0,-3.46410161513775,17,6.2449979983984,14
"499",0,-1.73205080756888,18,4.58257569495584,14
"500",0,0,19,3,14
"501",0,1.73205080756888,20,1.73205080756888,14
"502",0,3.46410161513775,21,1.73205080756888,14
"503",0,5.19615242270663,22,3,14
"504",1.5,-4.33012701892219,23,7.54983443527075,14
"505",1.5,-2.59807621135332,24,6,14
"506",1.5,-0.866025403784438,25,4.58257569495584,14
"507",1.5,0.866025403784439,26,3.46410161513775,14
"508",1.5,2.59807621135332,27,3,14
"509",1.5,4.33012701892219,28,3.46410161513775,14
"510",3,-3.46410161513775,29,7.54983443527075,14
"511",3,-1.73205080756888,30,6.2449979983984,14
"512",3,0,31,5.19615242270663,14
"513",3,1.73205080756888,32,4.58257569495584,14
"514",3,3.46410161513775,33,4.58257569495584,14
"515",4.5,-2.59807621135332,34,7.93725393319377,14
"516",4.5,-0.866025403784439,35,6.92820323027551,14
"517",4.5,0.866025403784438,36,6.2449979983984,14
"518",4.5,2.59807621135332,37,6,14
"519",-4.5,-2.59807621135332,1,7.54983443527075,15
"520",-4.5,-0.866025403784439,2,6,15
"521",-4.5,0.866025403784438,3,4.58257569495584,15
"522",-4.5,2.59807621135332,4,3.46410161513775,15
"523",-3,-3.46410161513775,5,7.93725393319377,15
"524",-3,-1.73205080756888,6,6.2449979983984,15
"525",-3,0,7,4.58257569495584,15
"526",-3,1.73205080756888,8,3,15
"527",-3,3.46410161513775,9,1.73205080756888,15
"528",-1.5,-4.33012701892219,10,8.66025403784439,15
"529",-1.5,-2.59807621135332,11,6.92820323027551,15
"530",-1.5,-0.866025403784438,12,5.19615242270663,15
"531",-1.5,0.866025403784439,13,3.46410161513775,15
"532",-1.5,2.59807621135332,14,1.73205080756888,15
"533",-1.5,4.33012701892219,15,0,15
"534",0,-5.19615242270663,16,9.64365076099295,15
"535",0,-3.46410161513775,17,7.93725393319377,15
"536",0,-1.73205080756888,18,6.2449979983984,15
"537",0,0,19,4.58257569495584,15
"538",0,1.73205080756888,20,3,15
"539",0,3.46410161513775,21,1.73205080756888,15
"540",0,5.19615242270663,22,1.73205080756888,15
"541",1.5,-4.33012701892219,23,9.16515138991168,15
"542",1.5,-2.59807621135332,24,7.54983443527075,15
"543",1.5,-0.866025403784438,25,6,15
"544",1.5,0.866025403784439,26,4.58257569495584,15
"545",1.5,2.59807621135332,27,3.46410161513775,15
"546",1.5,4.33012701892219,28,3,15
"547",3,-3.46410161513775,29,9,15
"548",3,-1.73205080756888,30,7.54983443527075,15
"549",3,0,31,6.2449979983984,15
"550",3,1.73205080756888,32,5.19615242270663,15
"551",3,3.46410161513775,33,4.58257569495584,15
"552",4.5,-2.59807621135332,34,9.16515138991168,15
"553",4.5,-0.866025403784439,35,7.93725393319377,15
"554",4.5,0.866025403784438,36,6.92820323027551,15
"555",4.5,2.59807621135332,37,6.2449979983984,15
"556",-4.5,-2.59807621135332,1,5.19615242270663,16
"557",-4.5,-0.866025403784439,2,6.2449979983984,16
"558",-4.5,0.866025403784438,3,7.54983443527075,16
"559",-4.5,2.59807621135332,4,9,16
"560",-3,-3.46410161513775,5,3.46410161513775,16
"561",-3,-1.73205080756888,6,4.58257569495584,16
"562",-3,0,7,6,16
"563",-3,1.73205080756888,8,7.54983443527075,16
"564",-3,3.46410161513775,9,9.16515138991168,16
"565",-1.5,-4.33012701892219,10,1.73205080756888,16
"566",-1.5,-2.59807621135332,11,3,16
"567",-1.5,-0.866025403784438,12,4.58257569495584,16
"568",-1.5,0.866025403784439,13,6.2449979983984,16
"569",-1.5,2.59807621135332,14,7.93725393319377,16
"570",-1.5,4.33012701892219,15,9.64365076099295,16
"571",0,-5.19615242270663,16,0,16
"572",0,-3.46410161513775,17,1.73205080756888,16
"573",0,-1.73205080756888,18,3.46410161513775,16
"574",0,0,19,5.19615242270663,16
"575",0,1.73205080756888,20,6.92820323027551,16
"576",0,3.46410161513775,21,8.66025403784439,16
"577",0,5.19615242270663,22,10.3923048454133,16
"578",1.5,-4.33012701892219,23,1.73205080756888,16
"579",1.5,-2.59807621135332,24,3,16
"580",1.5,-0.866025403784438,25,4.58257569495584,16
"581",1.5,0.866025403784439,26,6.2449979983984,16
"582",1.5,2.59807621135332,27,7.93725393319377,16
"583",1.5,4.33012701892219,28,9.64365076099295,16
"584",3,-3.46410161513775,29,3.46410161513775,16
"585",3,-1.73205080756888,30,4.58257569495584,16
"586",3,0,31,6,16
"587",3,1.73205080756888,32,7.54983443527075,16
"588",3,3.46410161513775,33,9.16515138991168,16
"589",4.5,-2.59807621135332,34,5.19615242270663,16
"590",4.5,-0.866025403784439,35,6.2449979983984,16
"591",4.5,0.866025403784438,36,7.54983443527075,16
"592",4.5,2.59807621135332,37,9,16
"593",-4.5,-2.59807621135332,1,4.58257569495584,17
"594",-4.5,-0.866025403784439,2,5.19615242270663,17
"595",-4.5,0.866025403784438,3,6.2449979983984,17
"596",-4.5,2.59807621135332,4,7.54983443527075,17
"597",-3,-3.46410161513775,5,3,17
"598",-3,-1.73205080756888,6,3.46410161513775,17
"599",-3,0,7,4.58257569495584,17
"600",-3,1.73205080756888,8,6,17
"601",-3,3.46410161513775,9,7.54983443527075,17
"602",-1.5,-4.33012701892219,10,1.73205080756888,17
"603",-1.5,-2.59807621135332,11,1.73205080756888,17
"604",-1.5,-0.866025403784438,12,3,17
"605",-1.5,0.866025403784439,13,4.58257569495584,17
"606",-1.5,2.59807621135332,14,6.2449979983984,17
"607",-1.5,4.33012701892219,15,7.93725393319377,17
"608",0,-5.19615242270663,16,1.73205080756888,17
"609",0,-3.46410161513775,17,0,17
"610",0,-1.73205080756888,18,1.73205080756888,17
"611",0,0,19,3.46410161513775,17
"612",0,1.73205080756888,20,5.19615242270663,17
"613",0,3.46410161513775,21,6.92820323027551,17
"614",0,5.19615242270663,22,8.66025403784439,17
"615",1.5,-4.33012701892219,23,1.73205080756888,17
"616",1.5,-2.59807621135332,24,1.73205080756888,17
"617",1.5,-0.866025403784438,25,3,17
"618",1.5,0.866025403784439,26,4.58257569495584,17
"619",1.5,2.59807621135332,27,6.2449979983984,17
"620",1.5,4.33012701892219,28,7.93725393319377,17
"621",3,-3.46410161513775,29,3,17
"622",3,-1.73205080756888,30,3.46410161513775,17
"623",3,0,31,4.58257569495584,17
"624",3,1.73205080756888,32,6,17
"625",3,3.46410161513775,33,7.54983443527075,17
"626",4.5,-2.59807621135332,34,4.58257569495584,17
"627",4.5,-0.866025403784439,35,5.19615242270663,17
"628",4.5,0.866025403784438,36,6.2449979983984,17
"629",4.5,2.59807621135332,37,7.54983443527075,17
"630",-4.5,-2.59807621135332,1,4.58257569495584,18
"631",-4.5,-0.866025403784439,2,4.58257569495584,18
"632",-4.5,0.866025403784438,3,5.19615242270663,18
"633",-4.5,2.59807621135332,4,6.2449979983984,18
"634",-3,-3.46410161513775,5,3.46410161513775,18
"635",-3,-1.73205080756888,6,3,18
"636",-3,0,7,3.46410161513775,18
"637",-3,1.73205080756888,8,4.58257569495584,18
"638",-3,3.46410161513775,9,6,18
"639",-1.5,-4.33012701892219,10,3,18
"640",-1.5,-2.59807621135332,11,1.73205080756888,18
"641",-1.5,-0.866025403784438,12,1.73205080756888,18
"642",-1.5,0.866025403784439,13,3,18
"643",-1.5,2.59807621135332,14,4.58257569495584,18
"644",-1.5,4.33012701892219,15,6.2449979983984,18
"645",0,-5.19615242270663,16,3.46410161513775,18
"646",0,-3.46410161513775,17,1.73205080756888,18
"647",0,-1.73205080756888,18,0,18
"648",0,0,19,1.73205080756888,18
"649",0,1.73205080756888,20,3.46410161513775,18
"650",0,3.46410161513775,21,5.19615242270663,18
"651",0,5.19615242270663,22,6.92820323027551,18
"652",1.5,-4.33012701892219,23,3,18
"653",1.5,-2.59807621135332,24,1.73205080756888,18
"654",1.5,-0.866025403784438,25,1.73205080756888,18
"655",1.5,0.866025403784439,26,3,18
"656",1.5,2.59807621135332,27,4.58257569495584,18
"657",1.5,4.33012701892219,28,6.2449979983984,18
"658",3,-3.46410161513775,29,3.46410161513775,18
"659",3,-1.73205080756888,30,3,18
"660",3,0,31,3.46410161513775,18
"661",3,1.73205080756888,32,4.58257569495584,18
"662",3,3.46410161513775,33,6,18
"663",4.5,-2.59807621135332,34,4.58257569495584,18
"664",4.5,-0.866025403784439,35,4.58257569495584,18
"665",4.5,0.866025403784438,36,5.19615242270663,18
"666",4.5,2.59807621135332,37,6.2449979983984,18
"667",-4.5,-2.59807621135332,1,5.19615242270663,19
"668",-4.5,-0.866025403784439,2,4.58257569495584,19
"669",-4.5,0.866025403784438,3,4.58257569495584,19
"670",-4.5,2.59807621135332,4,5.19615242270663,19
"671",-3,-3.46410161513775,5,4.58257569495584,19
"672",-3,-1.73205080756888,6,3.46410161513775,19
"673",-3,0,7,3,19
"674",-3,1.73205080756888,8,3.46410161513775,19
"675",-3,3.46410161513775,9,4.58257569495584,19
"676",-1.5,-4.33012701892219,10,4.58257569495584,19
"677",-1.5,-2.59807621135332,11,3,19
"678",-1.5,-0.866025403784438,12,1.73205080756888,19
"679",-1.5,0.866025403784439,13,1.73205080756888,19
"680",-1.5,2.59807621135332,14,3,19
"681",-1.5,4.33012701892219,15,4.58257569495584,19
"682",0,-5.19615242270663,16,5.19615242270663,19
"683",0,-3.46410161513775,17,3.46410161513775,19
"684",0,-1.73205080756888,18,1.73205080756888,19
"685",0,0,19,0,19
"686",0,1.73205080756888,20,1.73205080756888,19
"687",0,3.46410161513775,21,3.46410161513775,19
"688",0,5.19615242270663,22,5.19615242270663,19
"689",1.5,-4.33012701892219,23,4.58257569495584,19
"690",1.5,-2.59807621135332,24,3,19
"691",1.5,-0.866025403784438,25,1.73205080756888,19
"692",1.5,0.866025403784439,26,1.73205080756888,19
"693",1.5,2.59807621135332,27,3,19
"694",1.5,4.33012701892219,28,4.58257569495584,19
"695",3,-3.46410161513775,29,4.58257569495584,19
"696",3,-1.73205080756888,30,3.46410161513775,19
"697",3,0,31,3,19
"698",3,1.73205080756888,32,3.46410161513775,19
"699",3,3.46410161513775,33,4.58257569495584,19
"700",4.5,-2.59807621135332,34,5.19615242270663,19
"701",4.5,-0.866025403784439,35,4.58257569495584,19
"702",4.5,0.866025403784438,36,4.58257569495584,19
"703",4.5,2.59807621135332,37,5.19615242270663,19
"704",-4.5,-2.59807621135332,1,6.2449979983984,20
"705",-4.5,-0.866025403784439,2,5.19615242270663,20
"706",-4.5,0.866025403784438,3,4.58257569495584,20
"707",-4.5,2.59807621135332,4,4.58257569495584,20
"708",-3,-3.46410161513775,5,6,20
"709",-3,-1.73205080756888,6,4.58257569495584,20
"710",-3,0,7,3.46410161513775,20
"711",-3,1.73205080756888,8,3,20
"712",-3,3.46410161513775,9,3.46410161513775,20
"713",-1.5,-4.33012701892219,10,6.2449979983984,20
"714",-1.5,-2.59807621135332,11,4.58257569495584,20
"715",-1.5,-0.866025403784438,12,3,20
"716",-1.5,0.866025403784439,13,1.73205080756888,20
"717",-1.5,2.59807621135332,14,1.73205080756888,20
"718",-1.5,4.33012701892219,15,3,20
"719",0,-5.19615242270663,16,6.92820323027551,20
"720",0,-3.46410161513775,17,5.19615242270663,20
"721",0,-1.73205080756888,18,3.46410161513775,20
"722",0,0,19,1.73205080756888,20
"723",0,1.73205080756888,20,0,20
"724",0,3.46410161513775,21,1.73205080756888,20
"725",0,5.19615242270663,22,3.46410161513776,20
"726",1.5,-4.33012701892219,23,6.2449979983984,20
"727",1.5,-2.59807621135332,24,4.58257569495584,20
"728",1.5,-0.866025403784438,25,3,20
"729",1.5,0.866025403784439,26,1.73205080756888,20
"730",1.5,2.59807621135332,27,1.73205080756888,20
"731",1.5,4.33012701892219,28,3,20
"732",3,-3.46410161513775,29,6,20
"733",3,-1.73205080756888,30,4.58257569495584,20
"734",3,0,31,3.46410161513775,20
"735",3,1.73205080756888,32,3,20
"736",3,3.46410161513775,33,3.46410161513775,20
"737",4.5,-2.59807621135332,34,6.2449979983984,20
"738",4.5,-0.866025403784439,35,5.19615242270663,20
"739",4.5,0.866025403784438,36,4.58257569495584,20
"740",4.5,2.59807621135332,37,4.58257569495584,20
"741",-4.5,-2.59807621135332,1,7.54983443527075,21
"742",-4.5,-0.866025403784439,2,6.2449979983984,21
"743",-4.5,0.866025403784438,3,5.19615242270663,21
"744",-4.5,2.59807621135332,4,4.58257569495584,21
"745",-3,-3.46410161513775,5,7.54983443527075,21
"746",-3,-1.73205080756888,6,6,21
"747",-3,0,7,4.58257569495584,21
"748",-3,1.73205080756888,8,3.46410161513775,21
"749",-3,3.46410161513775,9,3,21
"750",-1.5,-4.33012701892219,10,7.93725393319377,21
"751",-1.5,-2.59807621135332,11,6.2449979983984,21
"752",-1.5,-0.866025403784438,12,4.58257569495584,21
"753",-1.5,0.866025403784439,13,3,21
"754",-1.5,2.59807621135332,14,1.73205080756888,21
"755",-1.5,4.33012701892219,15,1.73205080756888,21
"756",0,-5.19615242270663,16,8.66025403784439,21
"757",0,-3.46410161513775,17,6.92820323027551,21
"758",0,-1.73205080756888,18,5.19615242270663,21
"759",0,0,19,3.46410161513775,21
"760",0,1.73205080756888,20,1.73205080756888,21
"761",0,3.46410161513775,21,0,21
"762",0,5.19615242270663,22,1.73205080756888,21
"763",1.5,-4.33012701892219,23,7.93725393319377,21
"764",1.5,-2.59807621135332,24,6.2449979983984,21
"765",1.5,-0.866025403784438,25,4.58257569495584,21
"766",1.5,0.866025403784439,26,3,21
"767",1.5,2.59807621135332,27,1.73205080756888,21
"768",1.5,4.33012701892219,28,1.73205080756888,21
"769",3,-3.46410161513775,29,7.54983443527075,21
"770",3,-1.73205080756888,30,6,21
"771",3,0,31,4.58257569495584,21
"772",3,1.73205080756888,32,3.46410161513775,21
"773",3,3.46410161513775,33,3,21
"774",4.5,-2.59807621135332,34,7.54983443527075,21
"775",4.5,-0.866025403784439,35,6.2449979983984,21
"776",4.5,0.866025403784438,36,5.19615242270663,21
"777",4.5,2.59807621135332,37,4.58257569495584,21
"778",-4.5,-2.59807621135332,1,9,22
"779",-4.5,-0.866025403784439,2,7.54983443527075,22
"780",-4.5,0.866025403784438,3,6.2449979983984,22
"781",-4.5,2.59807621135332,4,5.19615242270663,22
"782",-3,-3.46410161513775,5,9.16515138991168,22
"783",-3,-1.73205080756888,6,7.54983443527075,22
"784",-3,0,7,6,22
"785",-3,1.73205080756888,8,4.58257569495584,22
"786",-3,3.46410161513775,9,3.46410161513775,22
"787",-1.5,-4.33012701892219,10,9.64365076099295,22
"788",-1.5,-2.59807621135332,11,7.93725393319377,22
"789",-1.5,-0.866025403784438,12,6.2449979983984,22
"790",-1.5,0.866025403784439,13,4.58257569495584,22
"791",-1.5,2.59807621135332,14,3,22
"792",-1.5,4.33012701892219,15,1.73205080756888,22
"793",0,-5.19615242270663,16,10.3923048454133,22
"794",0,-3.46410161513775,17,8.66025403784439,22
"795",0,-1.73205080756888,18,6.92820323027551,22
"796",0,0,19,5.19615242270663,22
"797",0,1.73205080756888,20,3.46410161513776,22
"798",0,3.46410161513775,21,1.73205080756888,22
"799",0,5.19615242270663,22,0,22
"800",1.5,-4.33012701892219,23,9.64365076099295,22
"801",1.5,-2.59807621135332,24,7.93725393319377,22
"802",1.5,-0.866025403784438,25,6.2449979983984,22
"803",1.5,0.866025403784439,26,4.58257569495584,22
"804",1.5,2.59807621135332,27,3,22
"805",1.5,4.33012701892219,28,1.73205080756888,22
"806",3,-3.46410161513775,29,9.16515138991168,22
"807",3,-1.73205080756888,30,7.54983443527075,22
"808",3,0,31,6,22
"809",3,1.73205080756888,32,4.58257569495584,22
"810",3,3.46410161513775,33,3.46410161513775,22
"811",4.5,-2.59807621135332,34,9,22
"812",4.5,-0.866025403784439,35,7.54983443527075,22
"813",4.5,0.866025403784438,36,6.2449979983984,22
"814",4.5,2.59807621135332,37,5.19615242270663,22
"815",-4.5,-2.59807621135332,1,6.2449979983984,23
"816",-4.5,-0.866025403784439,2,6.92820323027551,23
"817",-4.5,0.866025403784438,3,7.93725393319377,23
"818",-4.5,2.59807621135332,4,9.16515138991168,23
"819",-3,-3.46410161513775,5,4.58257569495584,23
"820",-3,-1.73205080756888,6,5.19615242270663,23
"821",-3,0,7,6.2449979983984,23
"822",-3,1.73205080756888,8,7.54983443527075,23
"823",-3,3.46410161513775,9,9,23
"824",-1.5,-4.33012701892219,10,3,23
"825",-1.5,-2.59807621135332,11,3.46410161513775,23
"826",-1.5,-0.866025403784438,12,4.58257569495584,23
"827",-1.5,0.866025403784439,13,6,23
"828",-1.5,2.59807621135332,14,7.54983443527075,23
"829",-1.5,4.33012701892219,15,9.16515138991168,23
"830",0,-5.19615242270663,16,1.73205080756888,23
"831",0,-3.46410161513775,17,1.73205080756888,23
"832",0,-1.73205080756888,18,3,23
"833",0,0,19,4.58257569495584,23
"834",0,1.73205080756888,20,6.2449979983984,23
"835",0,3.46410161513775,21,7.93725393319377,23
"836",0,5.19615242270663,22,9.64365076099295,23
"837",1.5,-4.33012701892219,23,0,23
"838",1.5,-2.59807621135332,24,1.73205080756888,23
"839",1.5,-0.866025403784438,25,3.46410161513775,23
"840",1.5,0.866025403784439,26,5.19615242270663,23
"841",1.5,2.59807621135332,27,6.92820323027551,23
"842",1.5,4.33012701892219,28,8.66025403784439,23
"843",3,-3.46410161513775,29,1.73205080756888,23
"844",3,-1.73205080756888,30,3,23
"845",3,0,31,4.58257569495584,23
"846",3,1.73205080756888,32,6.2449979983984,23
"847",3,3.46410161513775,33,7.93725393319377,23
"848",4.5,-2.59807621135332,34,3.46410161513775,23
"849",4.5,-0.866025403784439,35,4.58257569495584,23
"850",4.5,0.866025403784438,36,6,23
"851",4.5,2.59807621135332,37,7.54983443527075,23
"852",-4.5,-2.59807621135332,1,6,24
"853",-4.5,-0.866025403784439,2,6.2449979983984,24
"854",-4.5,0.866025403784438,3,6.92820323027551,24
"855",-4.5,2.59807621135332,4,7.93725393319377,24
"856",-3,-3.46410161513775,5,4.58257569495584,24
"857",-3,-1.73205080756888,6,4.58257569495584,24
"858",-3,0,7,5.19615242270663,24
"859",-3,1.73205080756888,8,6.2449979983984,24
"860",-3,3.46410161513775,9,7.54983443527075,24
"861",-1.5,-4.33012701892219,10,3.46410161513775,24
"862",-1.5,-2.59807621135332,11,3,24
"863",-1.5,-0.866025403784438,12,3.46410161513775,24
"864",-1.5,0.866025403784439,13,4.58257569495584,24
"865",-1.5,2.59807621135332,14,6,24
"866",-1.5,4.33012701892219,15,7.54983443527075,24
"867",0,-5.19615242270663,16,3,24
"868",0,-3.46410161513775,17,1.73205080756888,24
"869",0,-1.73205080756888,18,1.73205080756888,24
"870",0,0,19,3,24
"871",0,1.73205080756888,20,4.58257569495584,24
"872",0,3.46410161513775,21,6.2449979983984,24
"873",0,5.19615242270663,22,7.93725393319377,24
"874",1.5,-4.33012701892219,23,1.73205080756888,24
"875",1.5,-2.59807621135332,24,0,24
"876",1.5,-0.866025403784438,25,1.73205080756888,24
"877",1.5,0.866025403784439,26,3.46410161513775,24
"878",1.5,2.59807621135332,27,5.19615242270663,24
"879",1.5,4.33012701892219,28,6.92820323027551,24
"880",3,-3.46410161513775,29,1.73205080756888,24
"881",3,-1.73205080756888,30,1.73205080756888,24
"882",3,0,31,3,24
"883",3,1.73205080756888,32,4.58257569495584,24
"884",3,3.46410161513775,33,6.2449979983984,24
"885",4.5,-2.59807621135332,34,3,24
"886",4.5,-0.866025403784439,35,3.46410161513775,24
"887",4.5,0.866025403784438,36,4.58257569495584,24
"888",4.5,2.59807621135332,37,6,24
"889",-4.5,-2.59807621135332,1,6.2449979983984,25
"890",-4.5,-0.866025403784439,2,6,25
"891",-4.5,0.866025403784438,3,6.2449979983984,25
"892",-4.5,2.59807621135332,4,6.92820323027551,25
"893",-3,-3.46410161513775,5,5.19615242270663,25
"894",-3,-1.73205080756888,6,4.58257569495584,25
"895",-3,0,7,4.58257569495584,25
"896",-3,1.73205080756888,8,5.19615242270663,25
"897",-3,3.46410161513775,9,6.2449979983984,25
"898",-1.5,-4.33012701892219,10,4.58257569495584,25
"899",-1.5,-2.59807621135332,11,3.46410161513775,25
"900",-1.5,-0.866025403784438,12,3,25
"901",-1.5,0.866025403784439,13,3.46410161513775,25
"902",-1.5,2.59807621135332,14,4.58257569495584,25
"903",-1.5,4.33012701892219,15,6,25
"904",0,-5.19615242270663,16,4.58257569495584,25
"905",0,-3.46410161513775,17,3,25
"906",0,-1.73205080756888,18,1.73205080756888,25
"907",0,0,19,1.73205080756888,25
"908",0,1.73205080756888,20,3,25
"909",0,3.46410161513775,21,4.58257569495584,25
"910",0,5.19615242270663,22,6.2449979983984,25
"911",1.5,-4.33012701892219,23,3.46410161513775,25
"912",1.5,-2.59807621135332,24,1.73205080756888,25
"913",1.5,-0.866025403784438,25,0,25
"914",1.5,0.866025403784439,26,1.73205080756888,25
"915",1.5,2.59807621135332,27,3.46410161513775,25
"916",1.5,4.33012701892219,28,5.19615242270663,25
"917",3,-3.46410161513775,29,3,25
"918",3,-1.73205080756888,30,1.73205080756888,25
"919",3,0,31,1.73205080756888,25
"920",3,1.73205080756888,32,3,25
"921",3,3.46410161513775,33,4.58257569495584,25
"922",4.5,-2.59807621135332,34,3.46410161513775,25
"923",4.5,-0.866025403784439,35,3,25
"924",4.5,0.866025403784438,36,3.46410161513775,25
"925",4.5,2.59807621135332,37,4.58257569495584,25
"926",-4.5,-2.59807621135332,1,6.92820323027551,26
"927",-4.5,-0.866025403784439,2,6.2449979983984,26
"928",-4.5,0.866025403784438,3,6,26
"929",-4.5,2.59807621135332,4,6.2449979983984,26
"930",-3,-3.46410161513775,5,6.2449979983984,26
"931",-3,-1.73205080756888,6,5.19615242270663,26
"932",-3,0,7,4.58257569495584,26
"933",-3,1.73205080756888,8,4.58257569495584,26
"934",-3,3.46410161513775,9,5.19615242270663,26
"935",-1.5,-4.33012701892219,10,6,26
"936",-1.5,-2.59807621135332,11,4.58257569495584,26
"937",-1.5,-0.866025403784438,12,3.46410161513775,26
"938",-1.5,0.866025403784439,13,3,26
"939",-1.5,2.59807621135332,14,3.46410161513775,26
"940",-1.5,4.33012701892219,15,4.58257569495584,26
"941",0,-5.19615242270663,16,6.2449979983984,26
"942",0,-3.46410161513775,17,4.58257569495584,26
"943",0,-1.73205080756888,18,3,26
"944",0,0,19,1.73205080756888,26
"945",0,1.73205080756888,20,1.73205080756888,26
"946",0,3.46410161513775,21,3,26
"947",0,5.19615242270663,22,4.58257569495584,26
"948",1.5,-4.33012701892219,23,5.19615242270663,26
"949",1.5,-2.59807621135332,24,3.46410161513775,26
"950",1.5,-0.866025403784438,25,1.73205080756888,26
"951",1.5,0.866025403784439,26,0,26
"952",1.5,2.59807621135332,27,1.73205080756888,26
"953",1.5,4.33012701892219,28,3.46410161513775,26
"954",3,-3.46410161513775,29,4.58257569495584,26
"955",3,-1.73205080756888,30,3,26
"956",3,0,31,1.73205080756888,26
"957",3,1.73205080756888,32,1.73205080756888,26
"958",3,3.46410161513775,33,3,26
"959",4.5,-2.59807621135332,34,4.58257569495584,26
"960",4.5,-0.866025403784439,35,3.46410161513776,26
"961",4.5,0.866025403784438,36,3,26
"962",4.5,2.59807621135332,37,3.46410161513775,26
"963",-4.5,-2.59807621135332,1,7.93725393319377,27
"964",-4.5,-0.866025403784439,2,6.92820323027551,27
"965",-4.5,0.866025403784438,3,6.2449979983984,27
"966",-4.5,2.59807621135332,4,6,27
"967",-3,-3.46410161513775,5,7.54983443527075,27
"968",-3,-1.73205080756888,6,6.2449979983984,27
"969",-3,0,7,5.19615242270663,27
"970",-3,1.73205080756888,8,4.58257569495584,27
"971",-3,3.46410161513775,9,4.58257569495584,27
"972",-1.5,-4.33012701892219,10,7.54983443527075,27
"973",-1.5,-2.59807621135332,11,6,27
"974",-1.5,-0.866025403784438,12,4.58257569495584,27
"975",-1.5,0.866025403784439,13,3.46410161513775,27
"976",-1.5,2.59807621135332,14,3,27
"977",-1.5,4.33012701892219,15,3.46410161513775,27
"978",0,-5.19615242270663,16,7.93725393319377,27
"979",0,-3.46410161513775,17,6.2449979983984,27
"980",0,-1.73205080756888,18,4.58257569495584,27
"981",0,0,19,3,27
"982",0,1.73205080756888,20,1.73205080756888,27
"983",0,3.46410161513775,21,1.73205080756888,27
"984",0,5.19615242270663,22,3,27
"985",1.5,-4.33012701892219,23,6.92820323027551,27
"986",1.5,-2.59807621135332,24,5.19615242270663,27
"987",1.5,-0.866025403784438,25,3.46410161513775,27
"988",1.5,0.866025403784439,26,1.73205080756888,27
"989",1.5,2.59807621135332,27,0,27
"990",1.5,4.33012701892219,28,1.73205080756888,27
"991",3,-3.46410161513775,29,6.2449979983984,27
"992",3,-1.73205080756888,30,4.58257569495584,27
"993",3,0,31,3,27
"994",3,1.73205080756888,32,1.73205080756888,27
"995",3,3.46410161513775,33,1.73205080756888,27
"996",4.5,-2.59807621135332,34,6,27
"997",4.5,-0.866025403784439,35,4.58257569495584,27
"998",4.5,0.866025403784438,36,3.46410161513775,27
"999",4.5,2.59807621135332,37,3,27
"1000",-4.5,-2.59807621135332,1,9.16515138991168,28
"1001",-4.5,-0.866025403784439,2,7.93725393319377,28
"1002",-4.5,0.866025403784438,3,6.92820323027551,28
"1003",-4.5,2.59807621135332,4,6.2449979983984,28
"1004",-3,-3.46410161513775,5,9,28
"1005",-3,-1.73205080756888,6,7.54983443527075,28
"1006",-3,0,7,6.2449979983984,28
"1007",-3,1.73205080756888,8,5.19615242270663,28
"1008",-3,3.46410161513775,9,4.58257569495584,28
"1009",-1.5,-4.33012701892219,10,9.16515138991168,28
"1010",-1.5,-2.59807621135332,11,7.54983443527075,28
"1011",-1.5,-0.866025403784438,12,6,28
"1012",-1.5,0.866025403784439,13,4.58257569495584,28
"1013",-1.5,2.59807621135332,14,3.46410161513775,28
"1014",-1.5,4.33012701892219,15,3,28
"1015",0,-5.19615242270663,16,9.64365076099295,28
"1016",0,-3.46410161513775,17,7.93725393319377,28
"1017",0,-1.73205080756888,18,6.2449979983984,28
"1018",0,0,19,4.58257569495584,28
"1019",0,1.73205080756888,20,3,28
"1020",0,3.46410161513775,21,1.73205080756888,28
"1021",0,5.19615242270663,22,1.73205080756888,28
"1022",1.5,-4.33012701892219,23,8.66025403784439,28
"1023",1.5,-2.59807621135332,24,6.92820323027551,28
"1024",1.5,-0.866025403784438,25,5.19615242270663,28
"1025",1.5,0.866025403784439,26,3.46410161513775,28
"1026",1.5,2.59807621135332,27,1.73205080756888,28
"1027",1.5,4.33012701892219,28,0,28
"1028",3,-3.46410161513775,29,7.93725393319377,28
"1029",3,-1.73205080756888,30,6.2449979983984,28
"1030",3,0,31,4.58257569495584,28
"1031",3,1.73205080756888,32,3,28
"1032",3,3.46410161513775,33,1.73205080756888,28
"1033",4.5,-2.59807621135332,34,7.54983443527075,28
"1034",4.5,-0.866025403784439,35,6,28
"1035",4.5,0.866025403784438,36,4.58257569495584,28
"1036",4.5,2.59807621135332,37,3.46410161513775,28
"1037",-4.5,-2.59807621135332,1,7.54983443527075,29
"1038",-4.5,-0.866025403784439,2,7.93725393319377,29
"1039",-4.5,0.866025403784438,3,8.66025403784439,29
"1040",-4.5,2.59807621135332,4,9.64365076099295,29
"1041",-3,-3.46410161513775,5,6,29
"1042",-3,-1.73205080756888,6,6.2449979983984,29
"1043",-3,0,7,6.92820323027551,29
"1044",-3,1.73205080756888,8,7.93725393319377,29
"1045",-3,3.46410161513775,9,9.16515138991168,29
"1046",-1.5,-4.33012701892219,10,4.58257569495584,29
"1047",-1.5,-2.59807621135332,11,4.58257569495584,29
"1048",-1.5,-0.866025403784438,12,5.19615242270663,29
"1049",-1.5,0.866025403784439,13,6.2449979983984,29
"1050",-1.5,2.59807621135332,14,7.54983443527075,29
"1051",-1.5,4.33012701892219,15,9,29
"1052",0,-5.19615242270663,16,3.46410161513775,29
"1053",0,-3.46410161513775,17,3,29
"1054",0,-1.73205080756888,18,3.46410161513775,29
"1055",0,0,19,4.58257569495584,29
"1056",0,1.73205080756888,20,6,29
"1057",0,3.46410161513775,21,7.54983443527075,29
"1058",0,5.19615242270663,22,9.16515138991168,29
"1059",1.5,-4.33012701892219,23,1.73205080756888,29
"1060",1.5,-2.59807621135332,24,1.73205080756888,29
"1061",1.5,-0.866025403784438,25,3,29
"1062",1.5,0.866025403784439,26,4.58257569495584,29
"1063",1.5,2.59807621135332,27,6.2449979983984,29
"1064",1.5,4.33012701892219,28,7.93725393319377,29
"1065",3,-3.46410161513775,29,0,29
"1066",3,-1.73205080756888,30,1.73205080756888,29
"1067",3,0,31,3.46410161513775,29
"1068",3,1.73205080756888,32,5.19615242270663,29
"1069",3,3.46410161513775,33,6.92820323027551,29
"1070",4.5,-2.59807621135332,34,1.73205080756888,29
"1071",4.5,-0.866025403784439,35,3,29
"1072",4.5,0.866025403784438,36,4.58257569495584,29
"1073",4.5,2.59807621135332,37,6.2449979983984,29
"1074",-4.5,-2.59807621135332,1,7.54983443527075,30
"1075",-4.5,-0.866025403784439,2,7.54983443527075,30
"1076",-4.5,0.866025403784438,3,7.93725393319377,30
"1077",-4.5,2.59807621135332,4,8.66025403784439,30
"1078",-3,-3.46410161513775,5,6.2449979983984,30
"1079",-3,-1.73205080756888,6,6,30
"1080",-3,0,7,6.2449979983984,30
"1081",-3,1.73205080756888,8,6.92820323027551,30
"1082",-3,3.46410161513775,9,7.93725393319377,30
"1083",-1.5,-4.33012701892219,10,5.19615242270663,30
"1084",-1.5,-2.59807621135332,11,4.58257569495584,30
"1085",-1.5,-0.866025403784438,12,4.58257569495584,30
"1086",-1.5,0.866025403784439,13,5.19615242270663,30
"1087",-1.5,2.59807621135332,14,6.2449979983984,30
"1088",-1.5,4.33012701892219,15,7.54983443527075,30
"1089",0,-5.19615242270663,16,4.58257569495584,30
"1090",0,-3.46410161513775,17,3.46410161513775,30
"1091",0,-1.73205080756888,18,3,30
"1092",0,0,19,3.46410161513775,30
"1093",0,1.73205080756888,20,4.58257569495584,30
"1094",0,3.46410161513775,21,6,30
"1095",0,5.19615242270663,22,7.54983443527075,30
"1096",1.5,-4.33012701892219,23,3,30
"1097",1.5,-2.59807621135332,24,1.73205080756888,30
"1098",1.5,-0.866025403784438,25,1.73205080756888,30
"1099",1.5,0.866025403784439,26,3,30
"1100",1.5,2.59807621135332,27,4.58257569495584,30
"1101",1.5,4.33012701892219,28,6.2449979983984,30
"1102",3,-3.46410161513775,29,1.73205080756888,30
"1103",3,-1.73205080756888,30,0,30
"1104",3,0,31,1.73205080756888,30
"1105",3,1.73205080756888,32,3.46410161513775,30
"1106",3,3.46410161513775,33,5.19615242270663,30
"1107",4.5,-2.59807621135332,34,1.73205080756888,30
"1108",4.5,-0.866025403784439,35,1.73205080756888,30
"1109",4.5,0.866025403784438,36,3,30
"1110",4.5,2.59807621135332,37,4.58257569495584,30
"1111",-4.5,-2.59807621135332,1,7.93725393319377,31
"1112",-4.5,-0.866025403784439,2,7.54983443527075,31
"1113",-4.5,0.866025403784438,3,7.54983443527075,31
"1114",-4.5,2.59807621135332,4,7.93725393319377,31
"1115",-3,-3.46410161513775,5,6.92820323027551,31
"1116",-3,-1.73205080756888,6,6.2449979983984,31
"1117",-3,0,7,6,31
"1118",-3,1.73205080756888,8,6.2449979983984,31
"1119",-3,3.46410161513775,9,6.92820323027551,31
"1120",-1.5,-4.33012701892219,10,6.2449979983984,31
"1121",-1.5,-2.59807621135332,11,5.19615242270663,31
"1122",-1.5,-0.866025403784438,12,4.58257569495584,31
"1123",-1.5,0.866025403784439,13,4.58257569495584,31
"1124",-1.5,2.59807621135332,14,5.19615242270663,31
"1125",-1.5,4.33012701892219,15,6.2449979983984,31
"1126",0,-5.19615242270663,16,6,31
"1127",0,-3.46410161513775,17,4.58257569495584,31
"1128",0,-1.73205080756888,18,3.46410161513775,31
"1129",0,0,19,3,31
"1130",0,1.73205080756888,20,3.46410161513775,31
"1131",0,3.46410161513775,21,4.58257569495584,31
"1132",0,5.19615242270663,22,6,31
"1133",1.5,-4.33012701892219,23,4.58257569495584,31
"1134",1.5,-2.59807621135332,24,3,31
"1135",1.5,-0.866025403784438,25,1.73205080756888,31
"1136",1.5,0.866025403784439,26,1.73205080756888,31
"1137",1.5,2.59807621135332,27,3,31
"1138",1.5,4.33012701892219,28,4.58257569495584,31
"1139",3,-3.46410161513775,29,3.46410161513775,31
"1140",3,-1.73205080756888,30,1.73205080756888,31
"1141",3,0,31,0,31
"1142",3,1.73205080756888,32,1.73205080756888,31
"1143",3,3.46410161513775,33,3.46410161513775,31
"1144",4.5,-2.59807621135332,34,3,31
"1145",4.5,-0.866025403784439,35,1.73205080756888,31
"1146",4.5,0.866025403784438,36,1.73205080756888,31
"1147",4.5,2.59807621135332,37,3,31
"1148",-4.5,-2.59807621135332,1,8.66025403784439,32
"1149",-4.5,-0.866025403784439,2,7.93725393319377,32
"1150",-4.5,0.866025403784438,3,7.54983443527075,32
"1151",-4.5,2.59807621135332,4,7.54983443527075,32
"1152",-3,-3.46410161513775,5,7.93725393319377,32
"1153",-3,-1.73205080756888,6,6.92820323027551,32
"1154",-3,0,7,6.2449979983984,32
"1155",-3,1.73205080756888,8,6,32
"1156",-3,3.46410161513775,9,6.2449979983984,32
"1157",-1.5,-4.33012701892219,10,7.54983443527075,32
"1158",-1.5,-2.59807621135332,11,6.2449979983984,32
"1159",-1.5,-0.866025403784438,12,5.19615242270663,32
"1160",-1.5,0.866025403784439,13,4.58257569495584,32
"1161",-1.5,2.59807621135332,14,4.58257569495584,32
"1162",-1.5,4.33012701892219,15,5.19615242270663,32
"1163",0,-5.19615242270663,16,7.54983443527075,32
"1164",0,-3.46410161513775,17,6,32
"1165",0,-1.73205080756888,18,4.58257569495584,32
"1166",0,0,19,3.46410161513775,32
"1167",0,1.73205080756888,20,3,32
"1168",0,3.46410161513775,21,3.46410161513775,32
"1169",0,5.19615242270663,22,4.58257569495584,32
"1170",1.5,-4.33012701892219,23,6.2449979983984,32
"1171",1.5,-2.59807621135332,24,4.58257569495584,32
"1172",1.5,-0.866025403784438,25,3,32
"1173",1.5,0.866025403784439,26,1.73205080756888,32
"1174",1.5,2.59807621135332,27,1.73205080756888,32
"1175",1.5,4.33012701892219,28,3,32
"1176",3,-3.46410161513775,29,5.19615242270663,32
"1177",3,-1.73205080756888,30,3.46410161513775,32
"1178",3,0,31,1.73205080756888,32
"1179",3,1.73205080756888,32,0,32
"1180",3,3.46410161513775,33,1.73205080756888,32
"1181",4.5,-2.59807621135332,34,4.58257569495584,32
"1182",4.5,-0.866025403784439,35,3,32
"1183",4.5,0.866025403784438,36,1.73205080756888,32
"1184",4.5,2.59807621135332,37,1.73205080756888,32
"1185",-4.5,-2.59807621135332,1,9.64365076099295,33
"1186",-4.5,-0.866025403784439,2,8.66025403784439,33
"1187",-4.5,0.866025403784438,3,7.93725393319377,33
"1188",-4.5,2.59807621135332,4,7.54983443527075,33
"1189",-3,-3.46410161513775,5,9.16515138991168,33
"1190",-3,-1.73205080756888,6,7.93725393319377,33
"1191",-3,0,7,6.92820323027551,33
"1192",-3,1.73205080756888,8,6.2449979983984,33
"1193",-3,3.46410161513775,9,6,33
"1194",-1.5,-4.33012701892219,10,9,33
"1195",-1.5,-2.59807621135332,11,7.54983443527075,33
"1196",-1.5,-0.866025403784438,12,6.2449979983984,33
"1197",-1.5,0.866025403784439,13,5.19615242270663,33
"1198",-1.5,2.59807621135332,14,4.58257569495584,33
"1199",-1.5,4.33012701892219,15,4.58257569495584,33
"1200",0,-5.19615242270663,16,9.16515138991168,33
"1201",0,-3.46410161513775,17,7.54983443527075,33
"1202",0,-1.73205080756888,18,6,33
"1203",0,0,19,4.58257569495584,33
"1204",0,1.73205080756888,20,3.46410161513775,33
"1205",0,3.46410161513775,21,3,33
"1206",0,5.19615242270663,22,3.46410161513775,33
"1207",1.5,-4.33012701892219,23,7.93725393319377,33
"1208",1.5,-2.59807621135332,24,6.2449979983984,33
"1209",1.5,-0.866025403784438,25,4.58257569495584,33
"1210",1.5,0.866025403784439,26,3,33
"1211",1.5,2.59807621135332,27,1.73205080756888,33
"1212",1.5,4.33012701892219,28,1.73205080756888,33
"1213",3,-3.46410161513775,29,6.92820323027551,33
"1214",3,-1.73205080756888,30,5.19615242270663,33
"1215",3,0,31,3.46410161513775,33
"1216",3,1.73205080756888,32,1.73205080756888,33
"1217",3,3.46410161513775,33,0,33
"1218",4.5,-2.59807621135332,34,6.2449979983984,33
"1219",4.5,-0.866025403784439,35,4.58257569495584,33
"1220",4.5,0.866025403784438,36,3,33
"1221",4.5,2.59807621135332,37,1.73205080756888,33
"1222",-4.5,-2.59807621135332,1,9,34
"1223",-4.5,-0.866025403784439,2,9.16515138991168,34
"1224",-4.5,0.866025403784438,3,9.64365076099295,34
"1225",-4.5,2.59807621135332,4,10.3923048454133,34
"1226",-3,-3.46410161513775,5,7.54983443527075,34
"1227",-3,-1.73205080756888,6,7.54983443527075,34
"1228",-3,0,7,7.93725393319377,34
"1229",-3,1.73205080756888,8,8.66025403784439,34
"1230",-3,3.46410161513775,9,9.64365076099295,34
"1231",-1.5,-4.33012701892219,10,6.2449979983984,34
"1232",-1.5,-2.59807621135332,11,6,34
"1233",-1.5,-0.866025403784438,12,6.2449979983984,34
"1234",-1.5,0.866025403784439,13,6.92820323027551,34
"1235",-1.5,2.59807621135332,14,7.93725393319377,34
"1236",-1.5,4.33012701892219,15,9.16515138991168,34
"1237",0,-5.19615242270663,16,5.19615242270663,34
"1238",0,-3.46410161513775,17,4.58257569495584,34
"1239",0,-1.73205080756888,18,4.58257569495584,34
"1240",0,0,19,5.19615242270663,34
"1241",0,1.73205080756888,20,6.2449979983984,34
"1242",0,3.46410161513775,21,7.54983443527075,34
"1243",0,5.19615242270663,22,9,34
"1244",1.5,-4.33012701892219,23,3.46410161513775,34
"1245",1.5,-2.59807621135332,24,3,34
"1246",1.5,-0.866025403784438,25,3.46410161513775,34
"1247",1.5,0.866025403784439,26,4.58257569495584,34
"1248",1.5,2.59807621135332,27,6,34
"1249",1.5,4.33012701892219,28,7.54983443527075,34
"1250",3,-3.46410161513775,29,1.73205080756888,34
"1251",3,-1.73205080756888,30,1.73205080756888,34
"1252",3,0,31,3,34
"1253",3,1.73205080756888,32,4.58257569495584,34
"1254",3,3.46410161513775,33,6.2449979983984,34
"1255",4.5,-2.59807621135332,34,0,34
"1256",4.5,-0.866025403784439,35,1.73205080756888,34
"1257",4.5,0.866025403784438,36,3.46410161513775,34
"1258",4.5,2.59807621135332,37,5.19615242270663,34
"1259",-4.5,-2.59807621135332,1,9.16515138991168,35
"1260",-4.5,-0.866025403784439,2,9,35
"1261",-4.5,0.866025403784438,3,9.16515138991168,35
"1262",-4.5,2.59807621135332,4,9.64365076099295,35
"1263",-3,-3.46410161513775,5,7.93725393319377,35
"1264",-3,-1.73205080756888,6,7.54983443527075,35
"1265",-3,0,7,7.54983443527075,35
"1266",-3,1.73205080756888,8,7.93725393319377,35
"1267",-3,3.46410161513775,9,8.66025403784439,35
"1268",-1.5,-4.33012701892219,10,6.92820323027551,35
"1269",-1.5,-2.59807621135332,11,6.2449979983984,35
"1270",-1.5,-0.866025403784438,12,6,35
"1271",-1.5,0.866025403784439,13,6.2449979983984,35
"1272",-1.5,2.59807621135332,14,6.92820323027551,35
"1273",-1.5,4.33012701892219,15,7.93725393319377,35
"1274",0,-5.19615242270663,16,6.2449979983984,35
"1275",0,-3.46410161513775,17,5.19615242270663,35
"1276",0,-1.73205080756888,18,4.58257569495584,35
"1277",0,0,19,4.58257569495584,35
"1278",0,1.73205080756888,20,5.19615242270663,35
"1279",0,3.46410161513775,21,6.2449979983984,35
"1280",0,5.19615242270663,22,7.54983443527075,35
"1281",1.5,-4.33012701892219,23,4.58257569495584,35
"1282",1.5,-2.59807621135332,24,3.46410161513775,35
"1283",1.5,-0.866025403784438,25,3,35
"1284",1.5,0.866025403784439,26,3.46410161513776,35
"1285",1.5,2.59807621135332,27,4.58257569495584,35
"1286",1.5,4.33012701892219,28,6,35
"1287",3,-3.46410161513775,29,3,35
"1288",3,-1.73205080756888,30,1.73205080756888,35
"1289",3,0,31,1.73205080756888,35
"1290",3,1.73205080756888,32,3,35
"1291",3,3.46410161513775,33,4.58257569495584,35
"1292",4.5,-2.59807621135332,34,1.73205080756888,35
"1293",4.5,-0.866025403784439,35,0,35
"1294",4.5,0.866025403784438,36,1.73205080756888,35
"1295",4.5,2.59807621135332,37,3.46410161513775,35
"1296",-4.5,-2.59807621135332,1,9.64365076099295,36
"1297",-4.5,-0.866025403784439,2,9.16515138991168,36
"1298",-4.5,0.866025403784438,3,9,36
"1299",-4.5,2.59807621135332,4,9.16515138991168,36
"1300",-3,-3.46410161513775,5,8.66025403784439,36
"1301",-3,-1.73205080756888,6,7.93725393319377,36
"1302",-3,0,7,7.54983443527075,36
"1303",-3,1.73205080756888,8,7.54983443527075,36
"1304",-3,3.46410161513775,9,7.93725393319377,36
"1305",-1.5,-4.33012701892219,10,7.93725393319377,36
"1306",-1.5,-2.59807621135332,11,6.92820323027551,36
"1307",-1.5,-0.866025403784438,12,6.2449979983984,36
"1308",-1.5,0.866025403784439,13,6,36
"1309",-1.5,2.59807621135332,14,6.2449979983984,36
"1310",-1.5,4.33012701892219,15,6.92820323027551,36
"1311",0,-5.19615242270663,16,7.54983443527075,36
"1312",0,-3.46410161513775,17,6.2449979983984,36
"1313",0,-1.73205080756888,18,5.19615242270663,36
"1314",0,0,19,4.58257569495584,36
"1315",0,1.73205080756888,20,4.58257569495584,36
"1316",0,3.46410161513775,21,5.19615242270663,36
"1317",0,5.19615242270663,22,6.2449979983984,36
"1318",1.5,-4.33012701892219,23,6,36
"1319",1.5,-2.59807621135332,24,4.58257569495584,36
"1320",1.5,-0.866025403784438,25,3.46410161513775,36
"1321",1.5,0.866025403784439,26,3,36
"1322",1.5,2.59807621135332,27,3.46410161513775,36
"1323",1.5,4.33012701892219,28,4.58257569495584,36
"1324",3,-3.46410161513775,29,4.58257569495584,36
"1325",3,-1.73205080756888,30,3,36
"1326",3,0,31,1.73205080756888,36
"1327",3,1.73205080756888,32,1.73205080756888,36
"1328",3,3.46410161513775,33,3,36
"1329",4.5,-2.59807621135332,34,3.46410161513775,36
"1330",4.5,-0.866025403784439,35,1.73205080756888,36
"1331",4.5,0.866025403784438,36,0,36
"1332",4.5,2.59807621135332,37,1.73205080756888,36
"1333",-4.5,-2.59807621135332,1,10.3923048454133,37
"1334",-4.5,-0.866025403784439,2,9.64365076099295,37
"1335",-4.5,0.866025403784438,3,9.16515138991168,37
"1336",-4.5,2.59807621135332,4,9,37
"1337",-3,-3.46410161513775,5,9.64365076099295,37
"1338",-3,-1.73205080756888,6,8.66025403784439,37
"1339",-3,0,7,7.93725393319377,37
"1340",-3,1.73205080756888,8,7.54983443527075,37
"1341",-3,3.46410161513775,9,7.54983443527075,37
"1342",-1.5,-4.33012701892219,10,9.16515138991168,37
"1343",-1.5,-2.59807621135332,11,7.93725393319377,37
"1344",-1.5,-0.866025403784438,12,6.92820323027551,37
"1345",-1.5,0.866025403784439,13,6.2449979983984,37
"1346",-1.5,2.59807621135332,14,6,37
"1347",-1.5,4.33012701892219,15,6.2449979983984,37
"1348",0,-5.19615242270663,16,9,37
"1349",0,-3.46410161513775,17,7.54983443527075,37
"1350",0,-1.73205080756888,18,6.2449979983984,37
"1351",0,0,19,5.19615242270663,37
"1352",0,1.73205080756888,20,4.58257569495584,37
"1353",0,3.46410161513775,21,4.58257569495584,37
"1354",0,5.19615242270663,22,5.19615242270663,37
"1355",1.5,-4.33012701892219,23,7.54983443527075,37
"1356",1.5,-2.59807621135332,24,6,37
"1357",1.5,-0.866025403784438,25,4.58257569495584,37
"1358",1.5,0.866025403784439,26,3.46410161513775,37
"1359",1.5,2.59807621135332,27,3,37
"1360",1.5,4.33012701892219,28,3.46410161513775,37
"1361",3,-3.46410161513775,29,6.2449979983984,37
"1362",3,-1.73205080756888,30,4.58257569495584,37
"1363",3,0,31,3,37
"1364",3,1.73205080756888,32,1.73205080756888,37
"1365",3,3.46410161513775,33,1.73205080756888,37
"1366",4.5,-2.59807621135332,34,5.19615242270663,37
"1367",4.5,-0.866025403784439,35,3.46410161513775,37
"1368",4.5,0.866025403784438,36,1.73205080756888,37
"1369",4.5,2.59807621135332,37,0,37
